date,50 mean,200 mean,assign
2015-02-02 00:00:00+00:00,,,0.0
2015-02-03 00:00:00+00:00,,,0.0
2015-02-04 00:00:00+00:00,,,0.0
2015-02-05 00:00:00+00:00,,,0.0
2015-02-06 00:00:00+00:00,,,0.0
2015-02-09 00:00:00+00:00,,,0.0
2015-02-10 00:00:00+00:00,,,0.0
2015-02-11 00:00:00+00:00,,,0.0
2015-02-12 00:00:00+00:00,,,0.0
2015-02-13 00:00:00+00:00,,,0.0
2015-02-17 00:00:00+00:00,,,0.0
2015-02-18 00:00:00+00:00,,,0.0
2015-02-19 00:00:00+00:00,,,0.0
2015-02-20 00:00:00+00:00,,,0.0
2015-02-23 00:00:00+00:00,,,0.0
2015-02-24 00:00:00+00:00,,,0.0
2015-02-25 00:00:00+00:00,,,0.0
2015-02-26 00:00:00+00:00,,,0.0
2015-02-27 00:00:00+00:00,,,0.0
2015-03-02 00:00:00+00:00,,,0.0
2015-03-03 00:00:00+00:00,,,0.0
2015-03-04 00:00:00+00:00,,,0.0
2015-03-05 00:00:00+00:00,,,0.0
2015-03-06 00:00:00+00:00,,,0.0
2015-03-09 00:00:00+00:00,,,0.0
2015-03-10 00:00:00+00:00,,,0.0
2015-03-11 00:00:00+00:00,,,0.0
2015-03-12 00:00:00+00:00,,,0.0
2015-03-13 00:00:00+00:00,,,0.0
2015-03-16 00:00:00+00:00,,,0.0
2015-03-17 00:00:00+00:00,,,0.0
2015-03-18 00:00:00+00:00,,,0.0
2015-03-19 00:00:00+00:00,,,0.0
2015-03-20 00:00:00+00:00,,,0.0
2015-03-23 00:00:00+00:00,,,0.0
2015-03-24 00:00:00+00:00,,,0.0
2015-03-25 00:00:00+00:00,,,0.0
2015-03-26 00:00:00+00:00,,,0.0
2015-03-27 00:00:00+00:00,,,0.0
2015-03-30 00:00:00+00:00,,,0.0
2015-03-31 00:00:00+00:00,,,0.0
2015-04-01 00:00:00+00:00,,,0.0
2015-04-02 00:00:00+00:00,,,0.0
2015-04-06 00:00:00+00:00,,,0.0
2015-04-07 00:00:00+00:00,,,0.0
2015-04-08 00:00:00+00:00,,,0.0
2015-04-09 00:00:00+00:00,,,0.0
2015-04-10 00:00:00+00:00,,,0.0
2015-04-13 00:00:00+00:00,,,0.0
2015-04-14 00:00:00+00:00,21.48060188894,,0.0
2015-04-15 00:00:00+00:00,21.539554563568,,0.0
2015-04-16 00:00:00+00:00,21.59107353853,,0.0
2015-04-17 00:00:00+00:00,21.647300675824,,0.0
2015-04-20 00:00:00+00:00,21.693898285602,,0.0
2015-04-21 00:00:00+00:00,21.73336477148,,0.0
2015-04-22 00:00:00+00:00,21.775737492184003,,0.0
2015-04-23 00:00:00+00:00,21.815744522663998,,0.0
2015-04-24 00:00:00+00:00,21.854060668787998,,0.0
2015-04-27 00:00:00+00:00,21.891715939913997,,0.0
2015-04-28 00:00:00+00:00,21.929071731023996,,0.0
2015-04-29 00:00:00+00:00,21.965581306018,,0.0
2015-04-30 00:00:00+00:00,22.000574502654,,0.0
2015-05-01 00:00:00+00:00,22.039642848358,,0.0
2015-05-04 00:00:00+00:00,22.07463449712,,0.0
2015-05-05 00:00:00+00:00,22.104360412330003,,0.0
2015-05-06 00:00:00+00:00,22.128480869244004,,0.0
2015-05-07 00:00:00+00:00,22.147675317352004,,0.0
2015-05-08 00:00:00+00:00,22.172645086128004,,0.0
2015-05-11 00:00:00+00:00,22.188442286782006,,0.0
2015-05-12 00:00:00+00:00,22.204069625062008,,0.0
2015-05-13 00:00:00+00:00,22.22700104536601,,0.0
2015-05-14 00:00:00+00:00,22.25672696057601,,0.0
2015-05-15 00:00:00+00:00,22.28135700460601,,0.0
2015-05-18 00:00:00+00:00,22.31346099303201,,0.0
2015-05-19 00:00:00+00:00,22.34250745875001,,0.0
2015-05-20 00:00:00+00:00,22.38446346479001,,0.0
2015-05-21 00:00:00+00:00,22.42743864506401,,0.0
2015-05-22 00:00:00+00:00,22.46616726602401,,0.0
2015-05-26 00:00:00+00:00,22.508293134436013,,0.0
2015-05-27 00:00:00+00:00,22.543454645570012,,0.0
2015-05-28 00:00:00+00:00,22.582862716018013,,0.0
2015-05-29 00:00:00+00:00,22.610550282756012,,0.0
2015-06-01 00:00:00+00:00,22.643673445418013,,0.0
2015-06-02 00:00:00+00:00,22.67645688333601,,0.0
2015-06-03 00:00:00+00:00,22.71144853209601,,0.0
2015-06-04 00:00:00+00:00,22.74525114425001,,0.0
2015-06-05 00:00:00+00:00,22.785678388936006,,0.0
2015-06-08 00:00:00+00:00,22.82712480785601,,0.0
2015-06-09 00:00:00+00:00,22.86908081389601,,0.0
2015-06-10 00:00:00+00:00,22.911716269424005,,0.0
2015-06-11 00:00:00+00:00,22.957579110032007,,0.0
2015-06-12 00:00:00+00:00,23.00089401505201,,0.0
2015-06-15 00:00:00+00:00,23.039452773638008,,0.0
2015-06-16 00:00:00+00:00,23.07410469765401,,0.0
2015-06-17 00:00:00+00:00,23.112323731496012,,0.0
2015-06-18 00:00:00+00:00,23.156318086006014,,0.0
2015-06-19 00:00:00+00:00,23.185855582448013,,0.0
2015-06-22 00:00:00+00:00,23.17125455547601,,0.0
2015-06-23 00:00:00+00:00,23.173828184534013,,0.0
2015-06-24 00:00:00+00:00,23.169735786028014,,0.0
2015-06-25 00:00:00+00:00,23.166461296256017,,0.0
2015-06-26 00:00:00+00:00,23.167100778130017,,0.0
2015-06-29 00:00:00+00:00,23.160541806684012,,0.0
2015-06-30 00:00:00+00:00,23.156690641294016,,0.0
2015-07-01 00:00:00+00:00,23.161175578896017,,0.0
2015-07-02 00:00:00+00:00,23.162789985142016,,0.0
2015-07-06 00:00:00+00:00,23.157372945612018,,0.0
2015-07-07 00:00:00+00:00,23.15554585454602,,0.0
2015-07-08 00:00:00+00:00,23.14242505682202,,0.0
2015-07-09 00:00:00+00:00,23.127454329394023,,0.0
2015-07-10 00:00:00+00:00,23.117275433772026,,0.0
2015-07-13 00:00:00+00:00,23.110692196272026,,0.0
2015-07-14 00:00:00+00:00,23.10345663016403,,0.0
2015-07-15 00:00:00+00:00,23.09878470121003,,0.0
2015-07-16 00:00:00+00:00,23.10468277956003,,0.0
2015-07-17 00:00:00+00:00,23.11587513975803,,0.0
2015-07-20 00:00:00+00:00,23.12144776751203,,0.0
2015-07-21 00:00:00+00:00,23.116617395504033,,0.0
2015-07-22 00:00:00+00:00,23.115492592566028,,0.0
2015-07-23 00:00:00+00:00,23.106161581392026,,0.0
2015-07-24 00:00:00+00:00,23.085037268346024,,0.0
2015-07-27 00:00:00+00:00,23.06394150359802,,0.0
2015-07-28 00:00:00+00:00,23.047793158880022,,0.0
2015-07-29 00:00:00+00:00,23.033706001272023,,0.0
2015-07-30 00:00:00+00:00,23.01654133714802,,0.0
2015-07-31 00:00:00+00:00,22.994108084642022,,0.0
2015-08-03 00:00:00+00:00,22.96637626804202,,0.0
2015-08-04 00:00:00+00:00,22.93983777029402,,0.0
2015-08-05 00:00:00+00:00,22.919442866260024,,0.0
2015-08-06 00:00:00+00:00,22.89784893371202,,0.0
2015-08-07 00:00:00+00:00,22.870275560166025,,0.0
2015-08-10 00:00:00+00:00,22.856525272472023,,0.0
2015-08-11 00:00:00+00:00,22.833526763668022,,0.0
2015-08-12 00:00:00+00:00,22.812248289812022,,0.0
2015-08-13 00:00:00+00:00,22.786373539992024,,0.0
2015-08-14 00:00:00+00:00,22.770052478070024,,0.0
2015-08-17 00:00:00+00:00,22.755448596268025,,0.0
2015-08-18 00:00:00+00:00,22.739295969304024,,0.0
2015-08-19 00:00:00+00:00,22.715790728210028,,0.0
2015-08-20 00:00:00+00:00,22.677939967412026,,0.0
2015-08-21 00:00:00+00:00,22.631850167836024,,0.0
2015-08-24 00:00:00+00:00,22.575465852028024,,0.0
2015-08-25 00:00:00+00:00,22.511861671676023,,0.0
2015-08-26 00:00:00+00:00,22.460763073228023,,0.0
2015-08-27 00:00:00+00:00,22.42594414167002,,0.0
2015-08-28 00:00:00+00:00,22.38808909862802,,0.0
2015-08-31 00:00:00+00:00,22.34663697004802,,0.0
2015-09-01 00:00:00+00:00,22.28600038526602,,0.0
2015-09-02 00:00:00+00:00,22.23495602858402,,0.0
2015-09-03 00:00:00+00:00,22.187851337016017,,0.0
2015-09-04 00:00:00+00:00,22.135779241610017,,0.0
2015-09-08 00:00:00+00:00,22.099294516868017,,0.0
2015-09-09 00:00:00+00:00,22.06349495127602,,0.0
2015-09-10 00:00:00+00:00,22.031121181434017,,0.0
2015-09-11 00:00:00+00:00,22.00183062776802,,0.0
2015-09-14 00:00:00+00:00,21.967401380476016,,0.0
2015-09-15 00:00:00+00:00,21.950101111936014,,0.0
2015-09-16 00:00:00+00:00,21.940851463410013,,0.0
2015-09-17 00:00:00+00:00,21.935541479996008,,0.0
2015-09-18 00:00:00+00:00,21.918498315062006,,0.0
2015-09-21 00:00:00+00:00,21.902185378424004,,0.0
2015-09-22 00:00:00+00:00,21.882792333828007,,0.0
2015-09-23 00:00:00+00:00,21.860663314958007,,0.0
2015-09-24 00:00:00+00:00,21.832674698816003,,0.0
2015-09-25 00:00:00+00:00,21.800234102308004,,0.0
2015-09-28 00:00:00+00:00,21.753824232390002,,0.0
2015-09-29 00:00:00+00:00,21.713621201644,,0.0
2015-09-30 00:00:00+00:00,21.68962042798,,0.0
2015-10-01 00:00:00+00:00,21.668869497954002,,0.0
2015-10-02 00:00:00+00:00,21.659295919154005,,0.0
2015-10-05 00:00:00+00:00,21.68179204548601,,0.0
2015-10-06 00:00:00+00:00,21.708986039182008,,0.0
2015-10-07 00:00:00+00:00,21.741907193074006,,0.0
2015-10-08 00:00:00+00:00,21.77658165166401,,0.0
2015-10-09 00:00:00+00:00,21.81434554286401,,0.0
2015-10-12 00:00:00+00:00,21.85279770143001,,0.0
2015-10-13 00:00:00+00:00,21.89138695939601,,0.0
2015-10-14 00:00:00+00:00,21.924795562808008,,0.0
2015-10-15 00:00:00+00:00,21.962210657998007,,0.0
2015-10-16 00:00:00+00:00,22.01724495182601,,0.0
2015-10-19 00:00:00+00:00,22.07656304445001,,0.0
2015-10-20 00:00:00+00:00,22.124543374818007,,0.0
2015-10-21 00:00:00+00:00,22.182811971198007,,0.0
2015-10-22 00:00:00+00:00,22.25112882517601,,0.0
2015-10-23 00:00:00+00:00,22.31943480039401,,0.0
2015-10-26 00:00:00+00:00,22.38346474735801,,0.0
2015-10-27 00:00:00+00:00,22.44371233202001,,0.0
2015-10-28 00:00:00+00:00,22.505148066436007,,0.0
2015-10-29 00:00:00+00:00,22.571543434148012,,0.0
2015-10-30 00:00:00+00:00,22.639929006752013,,0.0
2015-11-02 00:00:00+00:00,22.726888473616015,,0.0
2015-11-03 00:00:00+00:00,22.82946483920601,,0.0
2015-11-04 00:00:00+00:00,22.941454372568014,,0.0
2015-11-05 00:00:00+00:00,23.042496900614015,,0.0
2015-11-06 00:00:00+00:00,23.13125007899602,,0.0
2015-11-09 00:00:00+00:00,23.21449556433402,,0.0
2015-11-10 00:00:00+00:00,23.309960126602018,,0.0
2015-11-11 00:00:00+00:00,23.431032343178018,,0.0
2015-11-12 00:00:00+00:00,23.531470525718017,,0.0
2015-11-13 00:00:00+00:00,23.63501057373402,22.618299896429477,0.5
2015-11-16 00:00:00+00:00,23.74866915208202,22.647616063378976,0.5
2015-11-17 00:00:00+00:00,23.845192535244017,22.67566534219298,0.5
2015-11-18 00:00:00+00:00,23.952195677616018,22.70588327784998,0.5
2015-11-19 00:00:00+00:00,24.052650955350018,22.73359026591998,0.5
2015-11-20 00:00:00+00:00,24.15522232076602,22.76289832472748,0.5
2015-11-23 00:00:00+00:00,24.25966699508602,22.791398963221976,0.5
2015-11-24 00:00:00+00:00,24.356243217938026,22.819865449537478,0.5
2015-11-25 00:00:00+00:00,24.436842867294025,22.84682521350948,0.5
2015-11-27 00:00:00+00:00,24.52343765921403,22.87328003398648,0.5
2015-11-30 00:00:00+00:00,24.61227942178203,22.89682594931548,0.5
2015-12-01 00:00:00+00:00,24.70008412097603,22.92128155979748,0.5
2015-12-02 00:00:00+00:00,24.784086254456028,22.94453632180248,0.5
2015-12-03 00:00:00+00:00,24.868606919624025,22.96809242827598,0.5
2015-12-04 00:00:00+00:00,24.965053813620024,22.992786927691483,0.5
2015-12-07 00:00:00+00:00,25.059253736966024,23.017132757790982,0.5
2015-12-08 00:00:00+00:00,25.160885947844026,23.039766547308982,0.5
2015-12-09 00:00:00+00:00,25.26286384651403,23.06140203325548,0.5
2015-12-10 00:00:00+00:00,25.356718082068028,23.08390024791998,0.5
2015-12-11 00:00:00+00:00,25.444349937364027,23.104288578666484,0.5
2015-12-14 00:00:00+00:00,25.527142163572027,23.124167322294984,0.5
2015-12-15 00:00:00+00:00,25.587637527188022,23.145366971596488,0.5
2015-12-16 00:00:00+00:00,25.651416924830023,23.170267857046483,0.5
2015-12-17 00:00:00+00:00,25.703442937540025,23.19362507352498,0.5
2015-12-18 00:00:00+00:00,25.746273089206024,23.217505433793484,0.5
2015-12-21 00:00:00+00:00,25.790501607398024,23.240973986539984,0.5
2015-12-22 00:00:00+00:00,25.835951744380026,23.266830248810482,0.5
2015-12-23 00:00:00+00:00,25.89321512516203,23.294604249415983,0.5
2015-12-24 00:00:00+00:00,25.95305554902603,23.320964037037985,0.5
2015-12-28 00:00:00+00:00,26.00668270159203,23.349157340071482,0.5
2015-12-29 00:00:00+00:00,26.050507200714026,23.377263932955483,0.5
2015-12-30 00:00:00+00:00,26.09015351689603,23.404963709382482,0.5
2015-12-31 00:00:00+00:00,26.135171006654033,23.431697484174983,0.5
2016-01-04 00:00:00+00:00,26.171316201404032,23.45783209542198,0.5
2016-01-05 00:00:00+00:00,26.195366227270032,23.483800056398483,0.5
2016-01-06 00:00:00+00:00,26.21209304679403,23.507337479818986,0.5
2016-01-07 00:00:00+00:00,26.20583790823403,23.526151569477985,0.5
2016-01-08 00:00:00+00:00,26.192082815596027,23.544230533204985,0.5
2016-01-11 00:00:00+00:00,26.181801517516025,23.563342590277983,0.5
2016-01-12 00:00:00+00:00,26.173429309970018,23.582461071555983,0.5
2016-01-13 00:00:00+00:00,26.16535073902802,23.598733995653983,0.5
2016-01-14 00:00:00+00:00,26.163255565490022,23.61989332924348,0.5
2016-01-15 00:00:00+00:00,26.147950082908025,23.63844369729848,0.5
2016-01-19 00:00:00+00:00,26.133508819806025,23.656569409421977,0.5
2016-01-20 00:00:00+00:00,26.108806004130024,23.671542668906476,0.5
2016-01-21 00:00:00+00:00,26.089538124736023,23.689764019224476,0.5
2016-01-22 00:00:00+00:00,26.067113510422022,23.706504064847476,0.5
2016-01-25 00:00:00+00:00,26.034810768438025,23.719315861883977,0.5
2016-01-26 00:00:00+00:00,25.997703531918024,23.721497703959482,0.5
2016-01-27 00:00:00+00:00,25.96401283364602,23.72606689312048,0.5
2016-01-28 00:00:00+00:00,25.93190505731402,23.73112568852298,0.5
2016-01-29 00:00:00+00:00,25.913913450460022,23.74120578510198,0.5
2016-02-01 00:00:00+00:00,25.888602541102024,23.750047592835976,0.5
2016-02-02 00:00:00+00:00,25.85286894679202,23.757275345591978,0.5
2016-02-03 00:00:00+00:00,25.828944692442022,23.767351867629976,0.5
2016-02-04 00:00:00+00:00,25.807160930112023,23.78134736438548,0.5
2016-02-05 00:00:00+00:00,25.77544178380202,23.79132503612648,0.5
2016-02-08 00:00:00+00:00,25.73606935871602,23.79994665855048,0.5
2016-02-09 00:00:00+00:00,25.703797847446015,23.80925950817398,0.5
2016-02-10 00:00:00+00:00,25.671874626528016,23.818319705639983,0.5
2016-02-11 00:00:00+00:00,25.632408509302014,23.82266014388498,0.5
2016-02-12 00:00:00+00:00,25.603072741704015,23.830654418718982,0.5
2016-02-16 00:00:00+00:00,25.58764256257601,23.841303336782985,0.5
2016-02-17 00:00:00+00:00,25.57953428851001,23.85306528831399,0.5
2016-02-18 00:00:00+00:00,25.55894742065401,23.863865158574985,0.5
2016-02-19 00:00:00+00:00,25.53938980849601,23.875890106832486,0.5
2016-02-22 00:00:00+00:00,25.529735048322014,23.890080092078485,0.5
2016-02-23 00:00:00+00:00,25.51193190071801,23.902466179096987,0.5
2016-02-24 00:00:00+00:00,25.486489788416012,23.912361423491983,0.5
2016-02-25 00:00:00+00:00,25.47649584685001,23.926301968683482,0.5
2016-02-26 00:00:00+00:00,25.469485668094013,23.94052133305298,0.5
2016-02-29 00:00:00+00:00,25.456875024016014,23.95283546625898,0.5
2016-03-01 00:00:00+00:00,25.44584482679601,23.96754732360148,0.5
2016-03-02 00:00:00+00:00,25.44353697128001,23.98417006519348,0.5
2016-03-03 00:00:00+00:00,25.446633097348013,24.00079845987248,0.5
2016-03-04 00:00:00+00:00,25.451851852332013,24.018310084935482,0.5
2016-03-07 00:00:00+00:00,25.452519537924008,24.033844267093986,0.5
2016-03-08 00:00:00+00:00,25.44113968986401,24.04802951061599,0.5
2016-03-09 00:00:00+00:00,25.431674068454004,24.062340737645492,0.5
2016-03-10 00:00:00+00:00,25.419058760758002,24.07684874665199,0.5
2016-03-11 00:00:00+00:00,25.406846554758005,24.093111910252492,0.5
2016-03-14 00:00:00+00:00,25.397411079586,24.108600800274488,0.5
2016-03-15 00:00:00+00:00,25.386409668116,24.125662330514988,0.5
2016-03-16 00:00:00+00:00,25.381139974325997,24.14219872764899,0.5
2016-03-17 00:00:00+00:00,25.389213566303997,24.161989227140484,0.5
2016-03-18 00:00:00+00:00,25.40511821006,24.18075489930998,0.5
2016-03-21 00:00:00+00:00,25.446297199126,24.201413083196982,0.5
2016-03-22 00:00:00+00:00,25.496005190954,24.22181223370948,0.5
2016-03-23 00:00:00+00:00,25.543624810956004,24.24246759105298,0.5
2016-03-24 00:00:00+00:00,25.590901621742006,24.262916273517476,0.5
2016-03-28 00:00:00+00:00,25.651813827016003,24.283758385051975,0.5
2016-03-29 00:00:00+00:00,25.698270612416003,24.305066204839477,0.5
2016-03-30 00:00:00+00:00,25.760796713916,24.328419372014476,0.5
2016-03-31 00:00:00+00:00,25.822620753577997,24.352361404406977,0.5
2016-04-01 00:00:00+00:00,25.895435123286003,24.37687527531448,0.5
2016-04-04 00:00:00+00:00,25.945688845462,24.39810529771598,0.5
2016-04-05 00:00:00+00:00,25.997649762306,24.41683698392248,0.5
2016-04-06 00:00:00+00:00,26.051689458989998,24.43577433101948,0.5
2016-04-07 00:00:00+00:00,26.096288318524,24.45275614472148,0.5
2016-04-08 00:00:00+00:00,26.149093925858,24.469883328451477,0.5
2016-04-11 00:00:00+00:00,26.196838360826,24.487901332222478,0.5
2016-04-12 00:00:00+00:00,26.230839029741997,24.50730021847348,0.5
2016-04-13 00:00:00+00:00,26.275834139556,24.527230933192477,0.5
2016-04-14 00:00:00+00:00,26.328497118237998,24.549264173480477,0.5
2016-04-15 00:00:00+00:00,26.373847369819995,24.571641049761478,0.5
2016-04-18 00:00:00+00:00,26.410842763813992,24.593764160614977,0.5
2016-04-19 00:00:00+00:00,26.460563088195997,24.61576831188998,0.5
2016-04-20 00:00:00+00:00,26.516726784081996,24.63978511816798,0.5
2016-04-21 00:00:00+00:00,26.567991120224,24.66237082459348,0.5
2016-04-22 00:00:00+00:00,26.615045825906005,24.686474897910983,0.5
2016-04-25 00:00:00+00:00,26.675498747856004,24.709671248500484,0.5
2016-04-26 00:00:00+00:00,26.725707250674006,24.732762372944485,0.5
2016-04-27 00:00:00+00:00,26.765993589322008,24.755128685045488,0.5
2016-04-28 00:00:00+00:00,26.797394413154006,24.776549734061486,0.5
2016-04-29 00:00:00+00:00,26.830690279664008,24.796841553188482,0.5
2016-05-02 00:00:00+00:00,26.867488233662005,24.816591470357984,0.5
2016-05-03 00:00:00+00:00,26.892931123860002,24.834344088103986,0.5
2016-05-04 00:00:00+00:00,26.911853906670004,24.85006771388648,0.5
2016-05-05 00:00:00+00:00,26.932145185782,24.866243371061483,0.5
2016-05-06 00:00:00+00:00,26.94776606167,24.884370335959485,0.5
2016-05-09 00:00:00+00:00,26.956015288261998,24.902984759770483,0.5
2016-05-10 00:00:00+00:00,26.979534359823997,24.926459739128482,0.5
2016-05-11 00:00:00+00:00,26.987608070956,24.948463965440983,0.5
2016-05-12 00:00:00+00:00,26.986028431821996,24.968728883428984,0.5
2016-05-13 00:00:00+00:00,26.975848535175995,24.986334093348482,0.5
2016-05-16 00:00:00+00:00,26.967072762203998,25.005942941199482,0.5
2016-05-17 00:00:00+00:00,26.956892865557997,25.024540462322985,0.5
2016-05-18 00:00:00+00:00,26.948994669884,25.04368411107648,0.5
2016-05-19 00:00:00+00:00,26.936884103184003,25.061602320867983,0.5
2016-05-20 00:00:00+00:00,26.930214515726004,25.07954165901848,0.5
2016-05-23 00:00:00+00:00,26.915295701676,25.097473602243486,0.5
2016-05-24 00:00:00+00:00,26.907924052382,25.118012923328482,0.5
2016-05-25 00:00:00+00:00,26.904589258654,25.137678327060485,0.5
2016-05-26 00:00:00+00:00,26.901956526764003,25.159306168422987,0.5
2016-05-27 00:00:00+00:00,26.887213228174,25.180730461730988,0.5
2016-05-31 00:00:00+00:00,26.875102661474,25.202937179680486,0.5
2016-06-01 00:00:00+00:00,26.857902146449998,25.223375500291983,0.5
2016-06-02 00:00:00+00:00,26.840175085049996,25.242993855904984,0.5
2016-06-03 00:00:00+00:00,26.820341838135995,25.262729058260984,0.5
2016-06-06 00:00:00+00:00,26.802965807653994,25.284710043378485,0.5
2016-06-07 00:00:00+00:00,26.779271220631994,25.309091198356988,0.5
2016-06-08 00:00:00+00:00,26.758735911879995,25.336787640850485,0.5
2016-06-09 00:00:00+00:00,26.730828953831995,25.36726014746548,0.5
2016-06-10 00:00:00+00:00,26.700113748434,25.399424423596482,0.5
2016-06-13 00:00:00+00:00,26.663255501956,25.427498382496484,0.5
2016-06-14 00:00:00+00:00,26.649389780662005,25.453966707463984,0.5
2016-06-15 00:00:00+00:00,26.642544677744002,25.480450878701486,0.5
2016-06-16 00:00:00+00:00,26.642018131366004,25.509619621348985,0.5
2016-06-17 00:00:00+00:00,26.645523170508003,25.542636841031985,0.5
2016-06-20 00:00:00+00:00,26.650287120634,25.573716101463987,0.5
2016-06-21 00:00:00+00:00,26.658400357114,25.605538587246986,0.5
2016-06-22 00:00:00+00:00,26.661929111464,25.638837685936988,0.5
2016-06-23 00:00:00+00:00,26.669724254816,25.669838367679485,0.5
2016-06-24 00:00:00+00:00,26.652591219300003,25.69653824048649,0.5
2016-06-27 00:00:00+00:00,26.626441019774003,25.72047100934649,0.5
2016-06-28 00:00:00+00:00,26.610727918074005,25.74598848319149,0.5
2016-06-29 00:00:00+00:00,26.60422198847,25.774973463888486,0.5
2016-06-30 00:00:00+00:00,26.614161525172005,25.80580022147699,0.5
2016-07-01 00:00:00+00:00,26.627261657656,25.833973373154986,0.5
2016-07-05 00:00:00+00:00,26.643515798362,25.863468477502483,0.5
2016-07-06 00:00:00+00:00,26.666302218902,25.896622224460483,0.5
2016-07-07 00:00:00+00:00,26.686641963104,25.928876519114482,0.5
2016-07-08 00:00:00+00:00,26.713174813828,25.962724305045484,0.5
2016-07-11 00:00:00+00:00,26.7404110439,25.99648666629698,0.5
2016-07-12 00:00:00+00:00,26.77116417072,26.03146392116448,0.5
2016-07-13 00:00:00+00:00,26.801228410818,26.066840047485485,0.5
2016-07-14 00:00:00+00:00,26.840630543078,26.106045665775984,0.5
2016-07-15 00:00:00+00:00,26.894282365342,26.14523300481098,0.5
2016-07-18 00:00:00+00:00,26.951623964786005,26.181744255262984,0.5
2016-07-19 00:00:00+00:00,27.005282374606004,26.218473555122486,0.5
2016-07-20 00:00:00+00:00,27.060676176348007,26.253329824068988,0.5
2016-07-21 00:00:00+00:00,27.102003708616007,26.28151265491099,0.5
2016-07-22 00:00:00+00:00,27.136416309852006,26.30532153310849,0.5
2016-07-25 00:00:00+00:00,27.167789812788005,26.32519953835749,0.5
2016-07-26 00:00:00+00:00,27.204055350892006,26.34320251815549,0.5
2016-07-27 00:00:00+00:00,27.231344567846005,26.36019269744499,0.5
2016-07-28 00:00:00+00:00,27.262491172370005,26.376963830057992,0.5
2016-07-29 00:00:00+00:00,27.293447768808004,26.394199313429496,0.5
2016-08-01 00:00:00+00:00,27.328969084702006,26.412645701341493,0.5
2016-08-02 00:00:00+00:00,27.359211761698006,26.428791934943494,0.5
2016-08-03 00:00:00+00:00,27.39209771067801,26.441186791956493,0.5
2016-08-04 00:00:00+00:00,27.41937243500201,26.45371527096649,0.5
2016-08-05 00:00:00+00:00,27.44437995098201,26.46763747110149,0.5
2016-08-08 00:00:00+00:00,27.47043924220601,26.48121298617499,0.5
2016-08-09 00:00:00+00:00,27.495273877750005,26.49176672487449,0.5
2016-08-10 00:00:00+00:00,27.517647344326004,26.502490315663493,0.5
2016-08-11 00:00:00+00:00,27.542480662358006,26.51312947904199,0.5
2016-08-12 00:00:00+00:00,27.567482908292007,26.523936499972987,0.5
2016-08-15 00:00:00+00:00,27.59441582428001,26.535045997721987,0.5
2016-08-16 00:00:00+00:00,27.61730529714201,26.54615050912699,0.5
2016-08-17 00:00:00+00:00,27.64161206879601,26.559511963867987,0.5
2016-08-18 00:00:00+00:00,27.665410739234012,26.571418207254986,0.5
2016-08-19 00:00:00+00:00,27.68725502441001,26.58170769376649,0.5
2016-08-22 00:00:00+00:00,27.713847449572008,26.592522692847492,0.5
2016-08-23 00:00:00+00:00,27.742534202642005,26.60250770800349,0.5
2016-08-24 00:00:00+00:00,27.760337679718006,26.61123860764449,0.5
2016-08-25 00:00:00+00:00,27.77533159193,26.62065988560049,0.5
2016-08-26 00:00:00+00:00,27.785764737220003,26.628570774003492,0.5
2016-08-29 00:00:00+00:00,27.799204043018005,26.63467976599199,0.5
2016-08-30 00:00:00+00:00,27.808753023452006,26.643036725897492,0.5
2016-08-31 00:00:00+00:00,27.814058012584006,26.65030044695949,0.5
2016-09-01 00:00:00+00:00,27.821484997368007,26.65704164725849,0.5
2016-09-02 00:00:00+00:00,27.82325332707801,26.664353565637988,0.5
2016-09-06 00:00:00+00:00,27.84500378251401,26.66974026671099,0.5
2016-09-07 00:00:00+00:00,27.875772719474007,26.676251450377485,0.5
2016-09-08 00:00:00+00:00,27.89522434628601,26.68098898957149,0.5
2016-09-09 00:00:00+00:00,27.887443695562006,26.681917639007487,0.5
2016-09-12 00:00:00+00:00,27.869937231430004,26.68422372484999,0.5
2016-09-13 00:00:00+00:00,27.840936624180003,26.68499681237649,0.5
2016-09-14 00:00:00+00:00,27.809990854252,26.685106776261993,0.5
2016-09-15 00:00:00+00:00,27.778868251352,26.68826943185299,0.5
2016-09-16 00:00:00+00:00,27.745083584101998,26.690126384895994,0.5
2016-09-19 00:00:00+00:00,27.700124261876,26.691733806900494,0.5
2016-09-20 00:00:00+00:00,27.659264908674,26.69415116355949,0.5
2016-09-21 00:00:00+00:00,27.62072899211,26.69538271578699,0.5
2016-09-22 00:00:00+00:00,27.583810547416,26.69797925009799,0.5
2016-09-23 00:00:00+00:00,27.539444611258,26.700685331629494,0.5
2016-09-26 00:00:00+00:00,27.484420847916002,26.70062225516149,0.5
2016-09-27 00:00:00+00:00,27.434925388486004,26.701296081867493,0.5
2016-09-28 00:00:00+00:00,27.385432663280003,26.703744236601498,0.5
2016-09-29 00:00:00+00:00,27.331999029564003,26.704544040566997,0.5
2016-09-30 00:00:00+00:00,27.283529023046004,26.705485528875496,0.5
2016-10-03 00:00:00+00:00,27.244787564158006,26.7036641929405,0.5
2016-10-04 00:00:00+00:00,27.210978288892008,26.7020833761955,0.5
2016-10-05 00:00:00+00:00,27.180175174132003,26.701678039386998,0.5
2016-10-06 00:00:00+00:00,27.14863328391,26.699725616573,0.5
2016-10-07 00:00:00+00:00,27.114236091024004,26.696534916719003,0.5
2016-10-10 00:00:00+00:00,27.077863658990005,26.6903614468865,0.5
2016-10-11 00:00:00+00:00,27.042383594486,26.684977712706498,0.5
2016-10-12 00:00:00+00:00,27.008315459526003,26.679200124427002,0.5
2016-10-13 00:00:00+00:00,26.970516059718,26.6711890067075,0.5
2016-10-14 00:00:00+00:00,26.934147729022,26.664713823998003,0.5
2016-10-17 00:00:00+00:00,26.895121435312003,26.657625078266005,0.5
2016-10-18 00:00:00+00:00,26.858588575654004,26.653031079737506,0.5
2016-10-19 00:00:00+00:00,26.822950817746005,26.648662872493507,0.5
2016-10-20 00:00:00+00:00,26.788021758836006,26.646472493674004,0.5
2016-10-21 00:00:00+00:00,26.751135233236006,26.649453810292506,0.5
2016-10-24 00:00:00+00:00,26.714063671992005,26.654431714072008,0.5
2016-10-25 00:00:00+00:00,26.672180708504,26.65764079546901,0.5
2016-10-26 00:00:00+00:00,26.635102311700003,26.661568759559515,-0.5
2016-10-27 00:00:00+00:00,26.591978783192005,26.666168974909013,-0.5
2016-10-28 00:00:00+00:00,26.556893397992003,26.669827665380517,-0.5
2016-10-31 00:00:00+00:00,26.522852605272,26.675433324357517,-0.5
2016-11-01 00:00:00+00:00,26.483653579928,26.68005888287802,-0.5
2016-11-02 00:00:00+00:00,26.439096248084002,26.68508026899202,-0.5
2016-11-03 00:00:00+00:00,26.390973547464,26.68659746332652,-0.5
2016-11-04 00:00:00+00:00,26.345878881146,26.69035122828152,-0.5
2016-11-07 00:00:00+00:00,26.315933956114005,26.69885157092252,-0.5
2016-11-08 00:00:00+00:00,26.285650403370006,26.70666648385502,-0.5
2016-11-09 00:00:00+00:00,26.258932219402006,26.716766572336518,-0.5
2016-11-10 00:00:00+00:00,26.248412470534003,26.72942730026452,-0.5
2016-11-11 00:00:00+00:00,26.243946056044006,26.739549798654515,-0.5
2016-11-14 00:00:00+00:00,26.234324143154005,26.750783966151015,-0.5
2016-11-15 00:00:00+00:00,26.233223023562005,26.764828785903514,-0.5
2016-11-16 00:00:00+00:00,26.231766870914,26.776956994995516,-0.5
2016-11-17 00:00:00+00:00,26.231555384626,26.787087603200018,-0.5
2016-11-18 00:00:00+00:00,26.245650963644003,26.799469933968016,-0.5
2016-11-21 00:00:00+00:00,26.256590891426004,26.81435410802752,-0.5
2016-11-22 00:00:00+00:00,26.284372331930005,26.83014043349752,-0.5
2016-11-23 00:00:00+00:00,26.317657468326004,26.846552486711516,-0.5
2016-11-25 00:00:00+00:00,26.347773282366006,26.867110625119018,-0.5
2016-11-28 00:00:00+00:00,26.375750695408005,26.883295873322016,-0.5
2016-11-29 00:00:00+00:00,26.404619108866008,26.895977943473017,-0.5
2016-11-30 00:00:00+00:00,26.42404291792001,26.905278320912018,-0.5
2016-12-01 00:00:00+00:00,26.451485730714012,26.918517293302017,-0.5
2016-12-02 00:00:00+00:00,26.474651741512012,26.931794733352017,-0.5
2016-12-05 00:00:00+00:00,26.496392151646013,26.942349607460518,-0.5
2016-12-06 00:00:00+00:00,26.525438765186017,26.953998971278516,-0.5
2016-12-07 00:00:00+00:00,26.556089179474014,26.968695929632016,-0.5
2016-12-08 00:00:00+00:00,26.585135793014015,26.98090422314252,-0.5
2016-12-09 00:00:00+00:00,26.625230811706015,26.99348032647002,-0.5
2016-12-12 00:00:00+00:00,26.665147630314014,27.007553680450023,-0.5
2016-12-13 00:00:00+00:00,26.70256964776001,27.01784539818152,-0.5
2016-12-14 00:00:00+00:00,26.73820966437401,27.025751549469017,-0.5
2016-12-15 00:00:00+00:00,26.769572878994012,27.03241298479852,-0.5
2016-12-16 00:00:00+00:00,26.813766499596014,27.04020427838902,-0.5
2016-12-19 00:00:00+00:00,26.86437532318801,27.04949886303502,-0.5
2016-12-20 00:00:00+00:00,26.924785151350008,27.06127281225802,-0.5
2016-12-21 00:00:00+00:00,26.98198737801401,27.07255604009652,-0.5
2016-12-22 00:00:00+00:00,27.03829860426401,27.08401008530352,-0.5
2016-12-23 00:00:00+00:00,27.098003696458008,27.09397829213252,0.5
2016-12-27 00:00:00+00:00,27.155929475944006,27.10434342308752,0.5
2016-12-28 00:00:00+00:00,27.210977172882007,27.113766954457525,0.5
2016-12-29 00:00:00+00:00,27.263887812884008,27.12371803937702,0.5
2016-12-30 00:00:00+00:00,27.31339786663601,27.129708947576525,0.5
2017-01-03 00:00:00+00:00,27.36434561760201,27.136279345559522,0.5
2017-01-04 00:00:00+00:00,27.41707671346001,27.142148688876027,0.5
2017-01-05 00:00:00+00:00,27.46764521522201,27.147341720139025,0.5
2017-01-06 00:00:00+00:00,27.52464101652401,27.152894846861027,0.5
2017-01-09 00:00:00+00:00,27.575023253838012,27.157599167583527,0.5
2017-01-10 00:00:00+00:00,27.62806639585001,27.160232117117527,0.5
2017-01-11 00:00:00+00:00,27.67239117440001,27.163357805876526,0.5
2017-01-12 00:00:00+00:00,27.71741800079601,27.164588646077526,0.5
2017-01-13 00:00:00+00:00,27.765826596586013,27.16586034363003,0.5
2017-01-17 00:00:00+00:00,27.819569098320013,27.166113762750534,0.5
2017-01-18 00:00:00+00:00,27.87633562522401,27.16925915826703,0.5
2017-01-19 00:00:00+00:00,27.92989186251001,27.17341175333253,0.5
2017-01-20 00:00:00+00:00,27.955735690772013,27.17486312886803,0.5
2017-01-23 00:00:00+00:00,27.96561487488801,27.173998122946028,0.5
2017-01-24 00:00:00+00:00,27.976240460858012,27.17355320608653,0.5
2017-01-25 00:00:00+00:00,27.979609573680012,27.175120103478033,0.5
2017-01-26 00:00:00+00:00,27.976734963288013,27.176023782041035,0.5
2017-01-27 00:00:00+00:00,27.971858486092014,27.174790052785035,0.5
2017-01-30 00:00:00+00:00,27.961807486182014,27.17315637788953,0.5
2017-01-31 00:00:00+00:00,27.947266538612016,27.170311787193533,0.5
2017-02-01 00:00:00+00:00,27.93165504648202,27.167290673867033,0.5
2017-02-02 00:00:00+00:00,27.918002411206018,27.163829764720532,0.5
2017-02-03 00:00:00+00:00,27.901144862556016,27.16045862764603,0.5
2017-02-06 00:00:00+00:00,27.878044934754016,27.15765388713003,0.5
2017-02-07 00:00:00+00:00,27.850298364184013,27.15536562128103,0.5
2017-02-08 00:00:00+00:00,27.818435718908013,27.152844867882028,0.5
2017-02-09 00:00:00+00:00,27.792831581518012,27.150076956033026,0.5
2017-02-10 00:00:00+00:00,27.773125519660013,27.147760926057526,0.5
2017-02-13 00:00:00+00:00,27.76433267282201,27.147012885829028,0.5
2017-02-14 00:00:00+00:00,27.74862228020601,27.14800029343753,0.5
2017-02-15 00:00:00+00:00,27.73505969701401,27.14868759919003,0.5
2017-02-16 00:00:00+00:00,27.727391157172004,27.15096461578853,0.5
2017-02-17 00:00:00+00:00,27.717217063680003,27.15533976053103,0.5
2017-02-21 00:00:00+00:00,27.702073528776005,27.161178015380532,0.5
2017-02-22 00:00:00+00:00,27.684766055718004,27.16515422165453,0.5
2017-02-23 00:00:00+00:00,27.661746771574002,27.16991319729803,0.5
2017-02-24 00:00:00+00:00,27.640378538950003,27.172764725231527,0.5
2017-02-27 00:00:00+00:00,27.616624218816003,27.175099435146524,0.5
2017-02-28 00:00:00+00:00,27.594793966652006,27.177942933176524,0.5
2017-03-01 00:00:00+00:00,27.584117739012004,27.184480285757523,0.5
2017-03-02 00:00:00+00:00,27.564709707302004,27.18961351466352,0.5
2017-03-03 00:00:00+00:00,27.541005417398004,27.19552700099502,0.5
2017-03-06 00:00:00+00:00,27.509248770270005,27.201336337354522,0.5
2017-03-07 00:00:00+00:00,27.477096810576004,27.20760921694452,0.5
2017-03-08 00:00:00+00:00,27.445106374220003,27.21273304992702,0.5
2017-03-09 00:00:00+00:00,27.409504959436003,27.217530606572517,0.5
2017-03-10 00:00:00+00:00,27.38476518786,27.22355370695702,0.5
2017-03-13 00:00:00+00:00,27.356015158474,27.226623429412516,0.5
2017-03-14 00:00:00+00:00,27.321294239656005,27.228552467600014,0.5
2017-03-15 00:00:00+00:00,27.29252985631,27.231038104610516,0.5
2017-03-16 00:00:00+00:00,27.261968596124003,27.23299582922202,0.5
2017-03-17 00:00:00+00:00,27.233580525818002,27.23606828371802,-0.5
2017-03-20 00:00:00+00:00,27.205890536542007,27.23877058301202,-0.5
2017-03-21 00:00:00+00:00,27.170250366062007,27.24037197884252,-0.5
2017-03-22 00:00:00+00:00,27.139837071306005,27.24181698349652,-0.5
2017-03-23 00:00:00+00:00,27.112668489708007,27.24358143438652,-0.5
2017-03-24 00:00:00+00:00,27.08551426207201,27.245052393424523,-0.5
2017-03-27 00:00:00+00:00,27.05472896046001,27.245563647734524,-0.5
2017-03-28 00:00:00+00:00,27.02773992300601,27.247766887273023,-0.5
2017-03-29 00:00:00+00:00,27.003452660090012,27.251163052284024,-0.5
2017-03-30 00:00:00+00:00,26.983322185014014,27.252742259355024,-0.5
2017-03-31 00:00:00+00:00,26.96228394144401,27.25334656925752,-0.5
2017-04-03 00:00:00+00:00,26.95490253599201,27.25308423002452,-0.5
2017-04-04 00:00:00+00:00,26.96405928733801,27.253632152153518,-0.5
2017-04-05 00:00:00+00:00,26.96782253738201,27.252937060273517,-0.5
2017-04-06 00:00:00+00:00,26.964218735936004,27.251574698183518,-0.5
2017-04-07 00:00:00+00:00,26.962598532452006,27.251191137288018,-0.5
2017-04-10 00:00:00+00:00,26.966906156514007,27.24908552820952,-0.5
2017-04-11 00:00:00+00:00,26.972654439916006,27.25317218304352,-0.5
2017-04-12 00:00:00+00:00,26.978184423476005,27.258247638119023,-0.5
2017-04-13 00:00:00+00:00,26.980093380834006,27.259632039557022,-0.5
2017-04-17 00:00:00+00:00,26.98362971865801,27.258681697267527,-0.5
2017-04-18 00:00:00+00:00,26.990426559000007,27.254524886103024,-0.5
2017-04-19 00:00:00+00:00,27.000837248562007,27.251047784856524,-0.5
2017-04-20 00:00:00+00:00,27.017929827150006,27.248969128478024,-0.5
2017-04-21 00:00:00+00:00,27.02432595271401,27.242350801335025,-0.5
2017-04-24 00:00:00+00:00,27.02784937197201,27.235378808250026,-0.5
2017-04-25 00:00:00+00:00,27.027228921956013,27.226274453089523,-0.5
2017-04-26 00:00:00+00:00,27.017424448064013,27.216266236870023,-0.5
2017-04-27 00:00:00+00:00,27.000053282992013,27.20522257150553,-0.5
2017-04-28 00:00:00+00:00,26.979796493050014,27.193329619748027,-0.5
2017-05-01 00:00:00+00:00,26.956839363966015,27.180016821010533,-0.5
2017-05-02 00:00:00+00:00,26.936223485736015,27.165825040629535,-0.5
2017-05-03 00:00:00+00:00,26.917257954312014,27.15258651276203,-0.5
2017-05-04 00:00:00+00:00,26.901160823002016,27.13912383375353,-0.5
2017-05-05 00:00:00+00:00,26.886682459782016,27.12641476815653,-0.5
2017-05-08 00:00:00+00:00,26.866412751274016,27.113866985896028,-0.5
2017-05-09 00:00:00+00:00,26.848133817708018,27.10302881211053,-0.5
2017-05-10 00:00:00+00:00,26.828045088740012,27.093006752164527,-0.5
2017-05-11 00:00:00+00:00,26.804155789426012,27.08450539539103,-0.5
2017-05-12 00:00:00+00:00,26.769407717696012,27.07412930212603,-0.5
2017-05-15 00:00:00+00:00,26.734297686886013,27.06347862962403,-0.5
2017-05-16 00:00:00+00:00,26.698825696994014,27.05268081940103,-0.5
2017-05-17 00:00:00+00:00,26.654485709630013,27.03898837317653,-0.5
2017-05-18 00:00:00+00:00,26.61249845629001,27.02605472357503,-0.5
2017-05-19 00:00:00+00:00,26.58336075031001,27.015346366480525,-0.5
2017-05-22 00:00:00+00:00,26.545355046856013,27.005049359920527,-0.5
2017-05-23 00:00:00+00:00,26.51676027949401,26.994718511540526,-0.5
2017-05-24 00:00:00+00:00,26.485812778110006,26.982395851576026,-0.5
2017-05-25 00:00:00+00:00,26.444730422470005,26.968402240790525,-0.5
2017-05-26 00:00:00+00:00,26.403105128212008,26.954360275193523,-0.5
2017-05-30 00:00:00+00:00,26.35749828406801,26.939822689145522,-0.5
2017-05-31 00:00:00+00:00,26.31478711256801,26.92559663408102,-0.5
2017-06-01 00:00:00+00:00,26.284563529344013,26.91290890510852,-0.5
2017-06-02 00:00:00+00:00,26.25470190520001,26.90116613551102,-0.5
2017-06-05 00:00:00+00:00,26.225021260598012,26.889433732337025,-0.5
2017-06-06 00:00:00+00:00,26.192625922892013,26.876856189339023,-0.5
2017-06-07 00:00:00+00:00,26.16077352380801,26.863943272584024,-0.5
2017-06-08 00:00:00+00:00,26.12403467713601,26.850313694164026,-0.5
2017-06-09 00:00:00+00:00,26.09254423713001,26.838665560906023,-0.5
2017-06-12 00:00:00+00:00,26.075713139886012,26.831586124397028,-0.5
2017-06-13 00:00:00+00:00,26.05128090195201,26.822333896763027,-0.5
2017-06-14 00:00:00+00:00,26.029744336662006,26.814079129885027,-0.5
2017-06-15 00:00:00+00:00,26.014542055280007,26.807466655219027,-0.5
2017-06-16 00:00:00+00:00,26.00133955404401,26.80108369292153,-0.5
2017-06-19 00:00:00+00:00,25.985211362824007,26.79436303574353,-0.5
2017-06-20 00:00:00+00:00,25.955771107078004,26.78476266471553,-0.5
2017-06-21 00:00:00+00:00,25.919582078000005,26.773167715940033,-0.5
2017-06-22 00:00:00+00:00,25.878653060936003,26.761584502649033,-0.5
2017-06-23 00:00:00+00:00,25.842975452272004,26.750048321318538,-0.5
2017-06-26 00:00:00+00:00,25.811828335582,26.738783036881035,-0.5
2017-06-27 00:00:00+00:00,25.771934166281998,26.729804314947536,-0.5
2017-06-28 00:00:00+00:00,25.726048160882,26.71855261846604,-0.5
2017-06-29 00:00:00+00:00,25.676171600396,26.709856528910535,-0.5
2017-06-30 00:00:00+00:00,25.621226111916002,26.701777942894033,-0.5
2017-07-03 00:00:00+00:00,25.587340288252005,26.69446881056003,-0.5
2017-07-05 00:00:00+00:00,25.551629660516,26.687015327353528,-0.5
2017-07-06 00:00:00+00:00,25.498750865831997,26.675931104078533,-0.5
2017-07-07 00:00:00+00:00,25.446390995898,26.66304775867603,-0.5
2017-07-10 00:00:00+00:00,25.395281473208,26.648860691780033,-0.5
2017-07-11 00:00:00+00:00,25.352005100226002,26.635378257950535,-0.5
2017-07-12 00:00:00+00:00,25.31328323309,26.623476476468532,-0.5
2017-07-13 00:00:00+00:00,25.277488556804002,26.614091967851532,-0.5
2017-07-14 00:00:00+00:00,25.237167891144004,26.60314713842653,-0.5
2017-07-17 00:00:00+00:00,25.198120085736004,26.59229568936753,-0.5
2017-07-18 00:00:00+00:00,25.159987684096006,26.583411931789527,-0.5
2017-07-19 00:00:00+00:00,25.125482377596004,26.574355324533528,-0.5
2017-07-20 00:00:00+00:00,25.088948774480006,26.564069114691023,-0.5
2017-07-21 00:00:00+00:00,25.042344229026007,26.550848237198025,-0.5
2017-07-24 00:00:00+00:00,24.98390397184201,26.53543759481853,-0.5
2017-07-25 00:00:00+00:00,24.93650496748201,26.521097223019027,-0.5
2017-07-26 00:00:00+00:00,24.89347198509201,26.508287603141028,-0.5
2017-07-27 00:00:00+00:00,24.856622324410008,26.497370485756033,-0.5
2017-07-28 00:00:00+00:00,24.826429884176008,26.484999945599032,-0.5
2017-07-31 00:00:00+00:00,24.796430430418013,26.473083466298036,-0.5
2017-08-01 00:00:00+00:00,24.75301297594201,26.460970595536537,-0.5
2017-08-02 00:00:00+00:00,24.708702630702014,26.448688085340535,-0.5
2017-08-03 00:00:00+00:00,24.666962019832017,26.437678657670535,-0.5
2017-08-04 00:00:00+00:00,24.63373044908802,26.426181319934535,-0.5
2017-08-07 00:00:00+00:00,24.603914976604024,26.413643280505035,-0.5
2017-08-08 00:00:00+00:00,24.573546059430022,26.40074135034203,-0.5
2017-08-09 00:00:00+00:00,24.54754316422602,26.38892467189303,-0.5
2017-08-10 00:00:00+00:00,24.51369661324602,26.375504869394526,-0.5
2017-08-11 00:00:00+00:00,24.47187195382602,26.362831716439022,-0.5
2017-08-14 00:00:00+00:00,24.43007130827802,26.349908384655524,-0.5
2017-08-15 00:00:00+00:00,24.382446298368016,26.337050611131023,-0.5
2017-08-16 00:00:00+00:00,24.33499626453002,26.32138190597352,-0.5
2017-08-17 00:00:00+00:00,24.28568390494602,26.304651097502525,-0.5
2017-08-18 00:00:00+00:00,24.234350753080015,26.287987987452023,-0.5
2017-08-21 00:00:00+00:00,24.175588434862014,26.27278860760053,-0.5
2017-08-22 00:00:00+00:00,24.100735447098014,26.259026599305525,-0.5
2017-08-23 00:00:00+00:00,24.030918368254014,26.243593768540027,-0.5
2017-08-24 00:00:00+00:00,23.955115456780018,26.223874505051526,-0.5
2017-08-25 00:00:00+00:00,23.873911675570017,26.204531973269027,-0.5
2017-08-28 00:00:00+00:00,23.791248051102016,26.184162650846527,-0.5
2017-08-29 00:00:00+00:00,23.71168659355602,26.160181566499027,-0.5
2017-08-30 00:00:00+00:00,23.64143163678002,26.13413405989953,-0.5
2017-08-31 00:00:00+00:00,23.58249046525002,26.11020929646403,-0.5
2017-09-01 00:00:00+00:00,23.53851268711202,26.087906918536532,-0.5
2017-09-05 00:00:00+00:00,23.48723569268602,26.06391552676153,-0.5
2017-09-06 00:00:00+00:00,23.43814846314602,26.04043130651103,-0.5
2017-09-07 00:00:00+00:00,23.37993721324602,26.01337587734803,-0.5
2017-09-08 00:00:00+00:00,23.32044860049602,25.98451704573353,-0.5
2017-09-11 00:00:00+00:00,23.260230066116023,25.953820962457026,-0.5
2017-09-12 00:00:00+00:00,23.203661139880023,25.923278860782524,-0.5
2017-09-13 00:00:00+00:00,23.142712683870023,25.893203660936024,-0.5
2017-09-14 00:00:00+00:00,23.086326238040023,25.864659213011524,-0.5
2017-09-15 00:00:00+00:00,23.047275430896025,25.83659518458602,-0.5
2017-09-18 00:00:00+00:00,23.02091276937602,25.81226522154002,-0.5
2017-09-19 00:00:00+00:00,22.99176531805602,25.783930588615522,-0.5
2017-09-20 00:00:00+00:00,22.958625259480023,25.75637163744252,-0.5
2017-09-21 00:00:00+00:00,22.92976094637602,25.731818675151022,-0.5
2017-09-22 00:00:00+00:00,22.899276271310022,25.707551344382523,-0.5
2017-09-25 00:00:00+00:00,22.87339752983402,25.682474226016524,-0.5
2017-09-26 00:00:00+00:00,22.84347127684202,25.656879560324523,-0.5
2017-09-27 00:00:00+00:00,22.80194627024402,25.627590796424023,-0.5
2017-09-28 00:00:00+00:00,22.75711282447202,25.597346623073022,-0.5
2017-09-29 00:00:00+00:00,22.71573552558402,25.56736058414702,-0.5
2017-10-02 00:00:00+00:00,22.69577980987802,25.540240773574023,-0.5
2017-10-03 00:00:00+00:00,22.68882229635002,25.515249949157518,-0.5
2017-10-04 00:00:00+00:00,22.67578436484002,25.48660168933002,-0.5
2017-10-05 00:00:00+00:00,22.66111509051802,25.457472544973516,-0.5
2017-10-06 00:00:00+00:00,22.640031549814022,25.426182085372016,-0.5
2017-10-09 00:00:00+00:00,22.605998686974022,25.391002772839016,-0.5
2017-10-10 00:00:00+00:00,22.56921580703202,25.355812766990017,-0.5
2017-10-11 00:00:00+00:00,22.530190088084023,25.319017193443013,-0.5
2017-10-12 00:00:00+00:00,22.489335904780024,25.282039692549514,-0.5
2017-10-13 00:00:00+00:00,22.442812017860025,25.245637368915013,-0.5
2017-10-16 00:00:00+00:00,22.40292697099402,25.210941109462013,-0.5
2017-10-17 00:00:00+00:00,22.362645850902023,25.175955276571518,-0.5
2017-10-18 00:00:00+00:00,22.32235191981402,25.140242925895016,-0.5
2017-10-19 00:00:00+00:00,22.287799067882023,25.10660526049852,-0.5
2017-10-20 00:00:00+00:00,22.265335676376026,25.07492748468302,-0.5
2017-10-23 00:00:00+00:00,22.216866196014024,25.035888011311517,-0.5
2017-10-24 00:00:00+00:00,22.157551675520025,24.995540490076017,-0.5
2017-10-25 00:00:00+00:00,22.095524388938028,24.95391510940302,-0.5
2017-10-26 00:00:00+00:00,22.03044865772803,24.91089627680552,-0.5
2017-10-27 00:00:00+00:00,21.96199128166203,24.865794417719016,-0.5
2017-10-30 00:00:00+00:00,21.89017971287003,24.819076266523016,-0.5
2017-10-31 00:00:00+00:00,21.814855262792033,24.771610148718516,-0.5
2017-11-01 00:00:00+00:00,21.734943180546033,24.723678488136017,-0.5
2017-11-02 00:00:00+00:00,21.657388702458032,24.675467978527017,-0.5
2017-11-03 00:00:00+00:00,21.585162759018036,24.63123127211302,-0.5
2017-11-06 00:00:00+00:00,21.509285377292034,24.59044959887002,-0.5
2017-11-07 00:00:00+00:00,21.435247440774038,24.54891439582552,-0.5
2017-11-08 00:00:00+00:00,21.360098150536036,24.505303710713015,-0.5
2017-11-09 00:00:00+00:00,21.285472509672037,24.461318446495515,-0.5
2017-11-10 00:00:00+00:00,21.21513542527404,24.421028531259516,-0.5
2017-11-13 00:00:00+00:00,21.106938346118042,24.37418963352052,-0.5
2017-11-14 00:00:00+00:00,20.98503274092604,24.32335707734002,-0.5
2017-11-15 00:00:00+00:00,20.866842628990042,24.27422820213802,-0.5
2017-11-16 00:00:00+00:00,20.764891443154042,24.22509813533502,-0.5
2017-11-17 00:00:00+00:00,20.66585262326404,24.17569398591052,-0.5
2017-11-20 00:00:00+00:00,20.564399464814038,24.12540959497202,-0.5
2017-11-21 00:00:00+00:00,20.456714520390037,24.07488289983402,-0.5
2017-11-22 00:00:00+00:00,20.35127790539804,24.026414207558524,-0.5
2017-11-24 00:00:00+00:00,20.24384132649404,23.977411649255522,-0.5
2017-11-27 00:00:00+00:00,20.136756897410038,23.927503029023523,-0.5
2017-11-28 00:00:00+00:00,20.025249015144038,23.877494307120525,-0.5
2017-11-29 00:00:00+00:00,19.919823381002036,23.82673086381452,-0.5
2017-11-30 00:00:00+00:00,19.808684119836037,23.774777743148025,-0.5
2017-12-01 00:00:00+00:00,19.68206277253604,23.720486578992023,-0.5
2017-12-04 00:00:00+00:00,19.554519872492037,23.66687704658552,-0.5
2017-12-05 00:00:00+00:00,19.41905161883004,23.61171874853002,-0.5
2017-12-06 00:00:00+00:00,19.285057849562037,23.55695250878552,-0.5
2017-12-07 00:00:00+00:00,19.16230702379604,23.50273085947952,-0.5
2017-12-08 00:00:00+00:00,19.041952235168036,23.44774004712752,-0.5
2017-12-11 00:00:00+00:00,18.921597446542037,23.393603891078524,-0.5
2017-12-12 00:00:00+00:00,18.798846620776036,23.341253937105026,-0.5
2017-12-13 00:00:00+00:00,18.669091994140036,23.28649351293953,-0.5
2017-12-14 00:00:00+00:00,18.543023578488036,23.231180157126527,-0.5
2017-12-15 00:00:00+00:00,18.419166889426037,23.177012912980526,-0.5
2017-12-18 00:00:00+00:00,18.296968995306038,23.123112141631026,-0.5
2017-12-19 00:00:00+00:00,18.18933163457404,23.06906147883853,-0.5
2017-12-20 00:00:00+00:00,18.080404099998038,23.014637198434535,-0.5
2017-12-21 00:00:00+00:00,17.977190192448038,22.96093850169603,-0.5
2017-12-22 00:00:00+00:00,17.87489783764404,22.904572854995532,-0.5
2017-12-26 00:00:00+00:00,17.77481720943004,22.85033788165403,-0.5
2017-12-27 00:00:00+00:00,17.66680488300204,22.797318770298535,-0.5
2017-12-28 00:00:00+00:00,17.56155467697204,22.74321148173703,-0.5
2017-12-29 00:00:00+00:00,17.45926486000604,22.689566991865526,-0.5
2018-01-02 00:00:00+00:00,17.35833246961404,22.637793246447526,-0.5
2018-01-03 00:00:00+00:00,17.255947166460043,22.587441642162524,-0.5
2018-01-04 00:00:00+00:00,17.188444776042044,22.540436613806524,-0.5
2018-01-05 00:00:00+00:00,17.129053318708042,22.492844551926524,-0.5
2018-01-08 00:00:00+00:00,17.07156413023604,22.44363901953502,-0.5
2018-01-09 00:00:00+00:00,17.023049533144043,22.39528009457352,-0.5
2018-01-10 00:00:00+00:00,16.991169835500042,22.349904636479014,-0.5
2018-01-11 00:00:00+00:00,16.96796415394404,22.304132324257512,-0.5
2018-01-12 00:00:00+00:00,16.94454116993204,22.256882276179013,-0.5
2018-01-16 00:00:00+00:00,16.91349166283404,22.206220857591017,-0.5
2018-01-17 00:00:00+00:00,16.86795680582604,22.151886194622517,-0.5
2018-01-18 00:00:00+00:00,16.80797212865204,22.094498670278018,-0.5
2018-01-19 00:00:00+00:00,16.73870720912804,22.034111579317514,-0.5
2018-01-22 00:00:00+00:00,16.66629758999204,21.97353315897801,-0.5
2018-01-23 00:00:00+00:00,16.60890848754004,21.91647614861401,-0.5
2018-01-24 00:00:00+00:00,16.54556434614004,21.85705989991751,-0.5
2018-01-25 00:00:00+00:00,16.46817961109604,21.79634689490501,-0.5
2018-01-26 00:00:00+00:00,16.41696062944004,21.735266180901508,-0.5
2018-01-29 00:00:00+00:00,16.38916812132404,21.67610300180201,-0.5
2018-01-30 00:00:00+00:00,16.34861631097204,21.61635893467251,-0.5
2018-01-31 00:00:00+00:00,16.31233155947804,21.557273595540003,-0.5
2018-02-01 00:00:00+00:00,16.27400035815204,21.49658743569851,-0.5
2018-02-02 00:00:00+00:00,16.23285627965004,21.43341435274401,-0.5
2018-02-05 00:00:00+00:00,16.18092955817604,21.36563283259051,-0.5
2018-02-06 00:00:00+00:00,16.12978575999604,21.30277915937901,-0.5
2018-02-07 00:00:00+00:00,16.077533560684042,21.23983269643351,-0.5
2018-02-08 00:00:00+00:00,16.011725177724042,21.17362709296551,-0.5
2018-02-09 00:00:00+00:00,15.949665182802043,21.11055449080501,-0.5
2018-02-12 00:00:00+00:00,15.884088060412044,21.04773955816951,-0.5
2018-02-13 00:00:00+00:00,15.819229146426045,20.98463590649201,-0.5
2018-02-14 00:00:00+00:00,15.766195292736045,20.92282556118451,-0.5
2018-02-15 00:00:00+00:00,15.710943367858045,20.860557017116008,-0.5
2018-02-16 00:00:00+00:00,15.662904932788045,20.798130493149007,-0.5
2018-02-20 00:00:00+00:00,15.610956639682044,20.734401462955507,-0.5
2018-02-21 00:00:00+00:00,15.553447307114045,20.669422071312507,-0.5
2018-02-22 00:00:00+00:00,15.498350507638044,20.605724486218506,-0.5
2018-02-23 00:00:00+00:00,15.444173991988043,20.542613934648507,-0.5
2018-02-26 00:00:00+00:00,15.388199263798041,20.481292480869506,-0.5
2018-02-27 00:00:00+00:00,15.332182448466043,20.418500177699507,-0.5
2018-02-28 00:00:00+00:00,15.271079821738041,20.356598183137006,-0.5
2018-03-01 00:00:00+00:00,15.204975557896041,20.294682380733008,-0.5
2018-03-02 00:00:00+00:00,15.14184832093604,20.233867797616508,-0.5
2018-03-05 00:00:00+00:00,15.08746785407204,20.177307014949008,-0.5
2018-03-06 00:00:00+00:00,15.03978429478604,20.121458658058508,-0.5
2018-03-07 00:00:00+00:00,14.989299601740042,20.062423214553508,-0.5
2018-03-08 00:00:00+00:00,14.938449093404042,20.00284636663251,-0.5
2018-03-09 00:00:00+00:00,14.894535919386042,19.94478179162701,-0.5
2018-03-12 00:00:00+00:00,14.854544504450041,19.88950170188351,-0.5
2018-03-13 00:00:00+00:00,14.802387452422042,19.83262573922501,-0.5
2018-03-14 00:00:00+00:00,14.745566323438043,19.77518229067201,-0.5
2018-03-15 00:00:00+00:00,14.680593529844042,19.71856705789151,-0.5
2018-03-16 00:00:00+00:00,14.611530303488044,19.66162743989251,-0.5
2018-03-19 00:00:00+00:00,14.530924264716043,19.602026797649508,-0.5
2018-03-20 00:00:00+00:00,14.442086643054042,19.539690736390007,-0.5
2018-03-21 00:00:00+00:00,14.362564880184044,19.47802492443151,-0.5
2018-03-22 00:00:00+00:00,14.267929725184045,19.414106045146507,-0.5
2018-03-23 00:00:00+00:00,14.161188871802047,19.35000847347751,-0.5
2018-03-26 00:00:00+00:00,14.049409708746047,19.285476082160006,-0.5
2018-03-27 00:00:00+00:00,13.952747011602048,19.221932969797006,-0.5
2018-03-28 00:00:00+00:00,13.870781977840046,19.154988067079504,-0.5
2018-03-29 00:00:00+00:00,13.801034451208047,19.089324581936506,-0.5
2018-04-02 00:00:00+00:00,13.735314344846048,19.020891172324006,-0.5
2018-04-03 00:00:00+00:00,13.679245907744045,18.950287542433507,-0.5
2018-04-04 00:00:00+00:00,13.627654431240046,18.880111878277006,-0.5
2018-04-05 00:00:00+00:00,13.565507978374043,18.81155030250151,-0.5
2018-04-06 00:00:00+00:00,13.504789296326043,18.74431444722951,-0.5
2018-04-09 00:00:00+00:00,13.444592004212042,18.67759937645801,-0.5
2018-04-10 00:00:00+00:00,13.389439169332043,18.61296270800051,-0.5
2018-04-11 00:00:00+00:00,13.330005711554042,18.54786056662251,-0.5
2018-04-12 00:00:00+00:00,13.280625819772043,18.48355830572001,-0.5
2018-04-13 00:00:00+00:00,13.232963786800042,18.422531000669508,-0.5
2018-04-16 00:00:00+00:00,13.185091584118043,18.36134829150751,-0.5
2018-04-17 00:00:00+00:00,13.152878753742042,18.302591141080512,-0.5
2018-04-18 00:00:00+00:00,13.131780711914043,18.24327148259001,-0.5
2018-04-19 00:00:00+00:00,13.110176649052043,18.18348824957901,-0.5
2018-04-20 00:00:00+00:00,13.099235144852043,18.12673406751751,-0.5
2018-04-23 00:00:00+00:00,13.102765765426042,18.074630817864012,-0.5
2018-04-24 00:00:00+00:00,13.100196853774044,18.02400595527401,-0.5
2018-04-25 00:00:00+00:00,13.088066565152042,17.97093583115551,-0.5
2018-04-26 00:00:00+00:00,13.08489480839604,17.917858333534515,-0.5
2018-04-27 00:00:00+00:00,13.07745472386204,17.863868433877514,-0.5
2018-04-30 00:00:00+00:00,13.065141929550041,17.807470360302514,-0.5
2018-05-01 00:00:00+00:00,13.04874331315004,17.751024348650514,-0.5
2018-05-02 00:00:00+00:00,13.04053017294004,17.695003984756514,-0.5
2018-05-03 00:00:00+00:00,13.03227861048004,17.637494802908517,-0.5
2018-05-04 00:00:00+00:00,13.024795493024039,17.580552765075517,-0.5
2018-05-07 00:00:00+00:00,13.01693660596004,17.524610892518513,-0.5
2018-05-08 00:00:00+00:00,13.009826184332042,17.473162969696016,-0.5
2018-05-09 00:00:00+00:00,13.012071580636041,17.425542079898015,-0.5
2018-05-10 00:00:00+00:00,13.022924329438043,17.378203023626018,-0.5
2018-05-11 00:00:00+00:00,13.033777078240043,17.32975865402002,-0.5
2018-05-14 00:00:00+00:00,13.044816943400043,17.280916452364018,-0.5
2018-05-15 00:00:00+00:00,13.050243317800044,17.233260373355016,-0.5
2018-05-16 00:00:00+00:00,13.057540855788043,17.186736264401016,-0.5
2018-05-17 00:00:00+00:00,13.067270906438042,17.14098769717752,-0.5
2018-05-18 00:00:00+00:00,13.07569114257804,17.09459349460152,-0.5
2018-05-21 00:00:00+00:00,13.081678866054041,17.048461003182517,-0.5
2018-05-22 00:00:00+00:00,13.08523407686804,17.002377608828517,-0.5
2018-05-23 00:00:00+00:00,13.08055616790204,16.951786037049516,-0.5
2018-05-24 00:00:00+00:00,13.086731007738042,16.90347852774902,-0.5
2018-05-25 00:00:00+00:00,13.091783149422042,16.85462705419052,-0.5
2018-05-29 00:00:00+00:00,13.089350636760042,16.80554094577102,-0.5
2018-05-30 00:00:00+00:00,13.091221800348041,16.756864259280018,-0.5
2018-05-31 00:00:00+00:00,13.099454920130043,16.707036639353017,-0.5
2018-06-01 00:00:00+00:00,13.103571480020042,16.65830621984452,-0.5
2018-06-04 00:00:00+00:00,13.110307668932041,16.60793389624702,-0.5
2018-06-05 00:00:00+00:00,13.123967163114042,16.559579288019517,-0.5
2018-06-06 00:00:00+00:00,13.13800089001204,16.511388616393017,-0.5
2018-06-07 00:00:00+00:00,13.144362846206041,16.464126572633017,-0.5
2018-06-08 00:00:00+00:00,13.149040755172042,16.417064394098016,-0.5
2018-06-11 00:00:00+00:00,13.158396573104042,16.371194133149018,-0.5
2018-06-12 00:00:00+00:00,13.174488579948042,16.325734453116016,-0.5
2018-06-13 00:00:00+00:00,13.188709423206044,16.278986979342516,-0.5
2018-06-14 00:00:00+00:00,13.195445612116043,16.231161268530517,-0.5
2018-06-15 00:00:00+00:00,13.195258495756045,16.182443278051515,-0.5
2018-06-18 00:00:00+00:00,13.200106638402046,16.133983197635015,-0.5
2018-06-19 00:00:00+00:00,13.204538341634047,16.083111345554016,-0.5
2018-06-20 00:00:00+00:00,13.20353185259005,16.029217499370016,-0.5
2018-06-21 00:00:00+00:00,13.20175663889405,15.976490803174515,-0.5
2018-06-22 00:00:00+00:00,13.20152731583805,15.924403018893015,-0.5
2018-06-25 00:00:00+00:00,13.189833246866051,15.875005009074513,-0.5
2018-06-26 00:00:00+00:00,13.19982469766205,15.831192315799012,-0.5
2018-06-27 00:00:00+00:00,13.20536249774405,15.788874248987511,-0.5
2018-06-28 00:00:00+00:00,13.210878350344052,15.745075785206009,-0.5
2018-06-29 00:00:00+00:00,13.20606566132405,15.699326493942507,-0.5
2018-07-02 00:00:00+00:00,13.186430261540051,15.65176007339251,-0.5
2018-07-03 00:00:00+00:00,13.167169094474053,15.60460423375851,-0.5
2018-07-05 00:00:00+00:00,13.146046893430052,15.555289486287508,-0.5
2018-07-06 00:00:00+00:00,13.144642817294054,15.509155205965008,-0.5
2018-07-09 00:00:00+00:00,13.138951947588055,15.462940005561506,-0.5
2018-07-10 00:00:00+00:00,13.137414779666056,15.415781892200007,-0.5
2018-07-11 00:00:00+00:00,13.138279735586055,15.367221226371507,-0.5
2018-07-12 00:00:00+00:00,13.139518924222054,15.317554697247509,-0.5
2018-07-13 00:00:00+00:00,13.136437553930055,15.268245554028509,-0.5
2018-07-16 00:00:00+00:00,13.138222897232056,15.221563959655509,-0.5
2018-07-17 00:00:00+00:00,13.132862365280056,15.174490150277508,-0.5
2018-07-18 00:00:00+00:00,13.129196010164058,15.12797601366351,-0.5
2018-07-19 00:00:00+00:00,13.121409718620058,15.079570446881512,-0.5
2018-07-20 00:00:00+00:00,13.095557272304056,15.027225823886512,-0.5
2018-07-23 00:00:00+00:00,13.065940551332055,14.975742070249012,-0.5
2018-07-24 00:00:00+00:00,13.040462337732054,14.924595465823513,-0.5
2018-07-25 00:00:00+00:00,13.012737039562053,14.874092824801014,-0.5
2018-07-26 00:00:00+00:00,12.985766959898053,14.828202441586013,-0.5
2018-07-27 00:00:00+00:00,12.951109915118055,14.782209791422513,-0.5
2018-07-30 00:00:00+00:00,12.918340916602055,14.738025404307011,-0.5
2018-07-31 00:00:00+00:00,12.895568433686055,14.696151626828012,-0.5
2018-08-01 00:00:00+00:00,12.860006195936055,14.652759547701512,-0.5
2018-08-02 00:00:00+00:00,12.822560976724056,14.607286110261011,-0.5
2018-08-03 00:00:00+00:00,12.805319259442056,14.562454389184511,-0.5
2018-08-06 00:00:00+00:00,12.779463436590055,14.517756406943013,-0.5
2018-08-07 00:00:00+00:00,12.754179092420054,14.471222060325012,-0.5
2018-08-08 00:00:00+00:00,12.735238133498052,14.423016560051513,-0.5
2018-08-09 00:00:00+00:00,12.714407440042052,14.381249570287011,-0.5
2018-08-10 00:00:00+00:00,12.692051115164052,14.34066149926401,-0.5
2018-08-13 00:00:00+00:00,12.663278809520053,14.300244824990012,-0.5
2018-08-14 00:00:00+00:00,12.639915995596052,14.260300730714011,-0.5
2018-08-15 00:00:00+00:00,12.61241467430005,14.222185136179013,-0.5
2018-08-16 00:00:00+00:00,12.589417651756051,14.186198101114512,-0.5
2018-08-17 00:00:00+00:00,12.563801000190049,14.151363006982512,-0.5
2018-08-20 00:00:00+00:00,12.535377603244049,14.117172999772514,-0.5
2018-08-21 00:00:00+00:00,12.512249177182047,14.084909251830013,-0.5
2018-08-22 00:00:00+00:00,12.486099877094048,14.050968732635013,-0.5
2018-08-23 00:00:00+00:00,12.462956256618048,14.017404699174012,-0.5
2018-08-24 00:00:00+00:00,12.443735326604047,13.983283239988014,-0.5
2018-08-27 00:00:00+00:00,12.433728681398044,13.950850910767013,-0.5
2018-08-28 00:00:00+00:00,12.425421277828045,13.918970389674012,-0.5
2018-08-29 00:00:00+00:00,12.425798887080044,13.885777211005513,-0.5
2018-08-30 00:00:00+00:00,12.423722036188042,13.858413421887512,-0.5
2018-08-31 00:00:00+00:00,12.42712051946604,13.837012747809514,-0.5
2018-09-04 00:00:00+00:00,12.419945943658043,13.812678847560015,-0.5
2018-09-05 00:00:00+00:00,12.41635865575404,13.787871812224514,-0.5
2018-09-06 00:00:00+00:00,12.39313568669004,13.763013081655513,-0.5
2018-09-07 00:00:00+00:00,12.363682164950042,13.738694924021512,-0.5
2018-09-10 00:00:00+00:00,12.33875995424604,13.715587143670014,-0.5
2018-09-11 00:00:00+00:00,12.31459296204804,13.690155258105015,-0.5
2018-09-12 00:00:00+00:00,12.30024381043004,13.665860694376516,-0.5
2018-09-13 00:00:00+00:00,12.287782705078039,13.642360685675516,-0.5
2018-09-14 00:00:00+00:00,12.275888013606039,13.617949235903017,-0.5
2018-09-17 00:00:00+00:00,12.256444710662038,13.593310538380017,-0.5
2018-09-18 00:00:00+00:00,12.234350995766038,13.569356724544019,-0.5
2018-09-19 00:00:00+00:00,12.211915407510038,13.54824505094352,-0.5
2018-09-20 00:00:00+00:00,12.185254645686038,13.524904919670018,-0.5
2018-09-21 00:00:00+00:00,12.153066732650041,13.501058475702518,-0.5
2018-09-24 00:00:00+00:00,12.11457143477204,13.47562395033102,-0.5
2018-09-25 00:00:00+00:00,12.066929535472038,13.447719587574518,-0.5
2018-09-26 00:00:00+00:00,12.025539630384037,13.420386999081519,-0.5
2018-09-27 00:00:00+00:00,11.985685177432035,13.393997946386019,-0.5
2018-09-28 00:00:00+00:00,11.941634139628036,13.36526732659452,-0.5
2018-10-01 00:00:00+00:00,11.924347497732038,13.341039699784519,-0.5
2018-10-02 00:00:00+00:00,11.913898918666037,13.318460905293518,-0.5
2018-10-03 00:00:00+00:00,11.904045342194038,13.295815079015517,-0.5
2018-10-04 00:00:00+00:00,11.897811215928039,13.274303379956518,-0.5
2018-10-05 00:00:00+00:00,11.900732625056039,13.25605268920652,-0.5
2018-10-08 00:00:00+00:00,11.913548706930039,13.24049594315552,-0.5
2018-10-09 00:00:00+00:00,11.923333194012038,13.22456115469802,-0.5
2018-10-10 00:00:00+00:00,11.919097895276039,13.207201641236018,-0.5
2018-10-11 00:00:00+00:00,11.911552857392039,13.186943459692017,-0.5
2018-10-12 00:00:00+00:00,11.897705795048038,13.165011338272517,-0.5
2018-10-15 00:00:00+00:00,11.881185092426037,13.142361993048018,-0.5
2018-10-16 00:00:00+00:00,11.864466651204038,13.119056854742519,-0.5
2018-10-17 00:00:00+00:00,11.848330705014039,13.09372161917502,-0.5
2018-10-18 00:00:00+00:00,11.83789284671804,13.068502980116017,-0.5
2018-10-19 00:00:00+00:00,11.83296248489404,13.042378997500018,-0.5
2018-10-22 00:00:00+00:00,11.82781115614004,13.015350958622019,-0.5
2018-10-23 00:00:00+00:00,11.83460990949004,12.991006269803517,-0.5
2018-10-24 00:00:00+00:00,11.833385955208039,12.962884836230016,-0.5
2018-10-25 00:00:00+00:00,11.827564578488039,12.931283821926016,-0.5
2018-10-26 00:00:00+00:00,11.81070319370004,12.896882861053514,-0.5
2018-10-29 00:00:00+00:00,11.791173529016039,12.863021096753513,-0.5
2018-10-30 00:00:00+00:00,11.75296590506204,12.827041560329514,-0.5
2018-10-31 00:00:00+00:00,11.707002997064041,12.794670799639514,-0.5
2018-11-01 00:00:00+00:00,11.654150209194043,12.762513252770514,-0.5
2018-11-02 00:00:00+00:00,11.594448637724042,12.731340056323013,-0.5
2018-11-05 00:00:00+00:00,11.535311693340043,12.700536765825014,-0.5
2018-11-06 00:00:00+00:00,11.473745303934043,12.667060114865512,-0.5
2018-11-07 00:00:00+00:00,11.40817470789004,12.634622980111512,-0.5
2018-11-08 00:00:00+00:00,11.336733300478043,12.602915633351012,-0.5
2018-11-09 00:00:00+00:00,11.259157231696042,12.568962572451513,-0.5
2018-11-12 00:00:00+00:00,11.167126590418043,12.531502365083012,-0.5
2018-11-13 00:00:00+00:00,11.092010342166043,12.498527355358512,-0.5
2018-11-14 00:00:00+00:00,11.013443793594044,12.463149870753512,-0.5
2018-11-15 00:00:00+00:00,10.932962396836045,12.427753591326512,-0.5
2018-11-16 00:00:00+00:00,10.851698979654042,12.393405599022513,-0.5
2018-11-19 00:00:00+00:00,10.764928066000044,12.361586770626012,-0.5
2018-11-20 00:00:00+00:00,10.677934398622043,12.327192417761513,-0.5
2018-11-21 00:00:00+00:00,10.58870366444004,12.293653220315512,-0.5
2018-11-23 00:00:00+00:00,10.493010689886042,12.26268206371601,-0.5
2018-11-26 00:00:00+00:00,10.395809065112042,12.229485206480511,-0.5
2018-11-27 00:00:00+00:00,10.29555797760004,12.19617801767701,-0.5
2018-11-28 00:00:00+00:00,10.201786998408041,12.16499618753951,-0.5
2018-11-29 00:00:00+00:00,10.108016019216041,12.13370023256351,-0.5
2018-11-30 00:00:00+00:00,10.01348267434004,12.10053974629051,-0.5
2018-12-03 00:00:00+00:00,9.93038481473004,12.06792844618801,-0.5
2018-12-04 00:00:00+00:00,9.84538104091004,12.034230050638008,-0.5
2018-12-06 00:00:00+00:00,9.77066920383004,12.002025061753509,-0.5
2018-12-07 00:00:00+00:00,9.687190161378041,11.96759691251651,-0.5
2018-12-10 00:00:00+00:00,9.59951810766204,11.932833975304511,-0.5
2018-12-11 00:00:00+00:00,9.51318019389204,11.89651255911801,-0.5
2018-12-12 00:00:00+00:00,9.410642009330042,11.86065459000051,-0.5
2018-12-13 00:00:00+00:00,9.313059201716042,11.828955750288008,-0.5
2018-12-14 00:00:00+00:00,9.210521017152042,11.797201443829506,-0.5
2018-12-17 00:00:00+00:00,9.105505144114042,11.765217585751007,-0.5
2018-12-18 00:00:00+00:00,8.993056205652044,11.732449777101506,-0.5
2018-12-19 00:00:00+00:00,8.879844901504043,11.700511094835006,-0.5
2018-12-20 00:00:00+00:00,8.763578660716043,11.668130919442005,-0.5
2018-12-21 00:00:00+00:00,8.646924021482043,11.634320373255507,-0.5
2018-12-24 00:00:00+00:00,8.536553176426043,11.597447773952007,-0.5
2018-12-26 00:00:00+00:00,8.442775479260042,11.562069081975007,-0.5
2018-12-27 00:00:00+00:00,8.349947753432042,11.52925206830051,-0.5
2018-12-28 00:00:00+00:00,8.262653150350042,11.49832856147051,-0.5
2018-12-31 00:00:00+00:00,8.174788265888044,11.46727030318601,-0.5
2019-01-02 00:00:00+00:00,8.092462475704043,11.43873602317001,-0.5
2019-01-03 00:00:00+00:00,8.006896880174043,11.411372151364512,-0.5
2019-01-04 00:00:00+00:00,7.928006214220042,11.386830851413514,-0.5
2019-01-07 00:00:00+00:00,7.852940066196042,11.363600066306512,-0.5
2019-01-08 00:00:00+00:00,7.7843495478400415,11.341989791894013,-0.5
2019-01-09 00:00:00+00:00,7.721665870656042,11.321403071639514,-0.5
2019-01-10 00:00:00+00:00,7.676908734868042,11.303757617584013,-0.5
2019-01-11 00:00:00+00:00,7.634819878976042,11.283539313597014,-0.5
2019-01-14 00:00:00+00:00,7.610645621414042,11.262007471223015,-0.5
2019-01-15 00:00:00+00:00,7.5847518112240415,11.240600139643513,-0.5
2019-01-16 00:00:00+00:00,7.573539760808042,11.222069606761012,-0.5
2019-01-17 00:00:00+00:00,7.570908305366041,11.204255655728513,-0.5
2019-01-18 00:00:00+00:00,7.566940719464042,11.185358337881015,-0.5
2019-01-22 00:00:00+00:00,7.552671244266041,11.163850931338514,-0.5
2019-01-23 00:00:00+00:00,7.543930661978041,11.144408321524514,-0.5
2019-01-24 00:00:00+00:00,7.53805019507604,11.126280181067013,-0.5
2019-01-25 00:00:00+00:00,7.54933241100204,11.108935882869014,-0.5
2019-01-28 00:00:00+00:00,7.5674701953700385,11.090868486037014,-0.5
2019-01-29 00:00:00+00:00,7.57321879092404,11.071675598146514,-0.5
2019-01-30 00:00:00+00:00,7.58831134239004,11.051986759651015,-0.5
2019-01-31 00:00:00+00:00,7.62649183008204,11.038103652817515,-0.5
2019-02-01 00:00:00+00:00,7.668103709794041,11.022211838035513,-0.5
2019-02-04 00:00:00+00:00,7.713527915556041,11.007023571536513,-0.5
2019-02-05 00:00:00+00:00,7.770588648190041,10.992295417546012,-0.5
2019-02-06 00:00:00+00:00,7.821546474326042,10.974231052684013,-0.5
2019-02-07 00:00:00+00:00,7.869254044934041,10.954304133593014,-0.5
2019-02-08 00:00:00+00:00,7.912000018248042,10.932435997599013,-0.5
2019-02-11 00:00:00+00:00,7.961612756626042,10.914564565545513,-0.5
2019-02-12 00:00:00+00:00,8.004553551196041,10.894910873239512,-0.5
2019-02-13 00:00:00+00:00,8.051125286506043,10.877117873224512,-0.5
2019-02-14 00:00:00+00:00,8.09978531659204,10.859200593051012,-0.5
2019-02-15 00:00:00+00:00,8.143491213798042,10.841615421350012,-0.5
2019-02-19 00:00:00+00:00,8.198061817262042,10.823612961718512,-0.5
2019-02-20 00:00:00+00:00,8.25072576007604,10.80663684915251,-0.5
2019-02-21 00:00:00+00:00,8.308533929562042,10.78853152165101,-0.5
2019-02-22 00:00:00+00:00,8.370538593706042,10.77123447224101,-0.5
2019-02-25 00:00:00+00:00,8.44818792728404,10.75610299485601,-0.5
2019-02-26 00:00:00+00:00,8.53175742668804,10.74057605151351,-0.5
2019-02-27 00:00:00+00:00,8.61035196104004,10.72581265818851,-0.5
2019-02-28 00:00:00+00:00,8.681132558942041,10.709040314005009,-0.5
2019-03-01 00:00:00+00:00,8.74857982814804,10.691158306938009,-0.5
2019-03-04 00:00:00+00:00,8.81573141616804,10.67382180169351,-0.5
2019-03-05 00:00:00+00:00,8.865730088104039,10.65255840291401,-0.5
2019-03-06 00:00:00+00:00,8.904454829868037,10.627426900299511,-0.5
2019-03-07 00:00:00+00:00,8.955458324622038,10.60426216876651,-0.5
2019-03-08 00:00:00+00:00,9.013628244970036,10.580435118681011,-0.5
2019-03-11 00:00:00+00:00,9.069182957796038,10.558056302207012,-0.5
2019-03-12 00:00:00+00:00,9.124247754402036,10.54017496492551,-0.5
2019-03-13 00:00:00+00:00,9.179895240730037,10.52161961971851,-0.5
2019-03-14 00:00:00+00:00,9.239957683730038,10.50431393676301,-0.5
2019-03-15 00:00:00+00:00,9.284108369208038,10.48742545628201,-0.5
2019-03-18 00:00:00+00:00,9.332833927094038,10.471775183051012,-0.5
2019-03-19 00:00:00+00:00,9.378116629622038,10.456496278786512,-0.5
2019-03-20 00:00:00+00:00,9.414262194248039,10.441272744863511,-0.5
2019-03-21 00:00:00+00:00,9.45483573990404,10.428121809637013,-0.5
2019-03-22 00:00:00+00:00,9.490795757528039,10.413110220243013,-0.5
2019-03-25 00:00:00+00:00,9.516373091210038,10.398350667883513,-0.5
2019-03-26 00:00:00+00:00,9.546318994814039,10.384028350749013,-0.5
2019-03-27 00:00:00+00:00,9.57424826031804,10.368309347509513,-0.5
2019-03-28 00:00:00+00:00,9.60403181029604,10.352008948941513,-0.5
2019-03-29 00:00:00+00:00,9.63103006800004,10.336204978774015,-0.5
2019-04-01 00:00:00+00:00,9.65715916690404,10.321368091653017,-0.5
2019-04-02 00:00:00+00:00,9.68759498673004,10.308395681534517,-0.5
2019-04-03 00:00:00+00:00,9.72288441691404,10.295757411628017,-0.5
2019-04-04 00:00:00+00:00,9.75544796593404,10.283243653407517,-0.5
2019-04-05 00:00:00+00:00,9.78666017105804,10.271810638423016,-0.5
2019-04-08 00:00:00+00:00,9.800294736530041,10.258126603854018,-0.5
2019-04-09 00:00:00+00:00,9.81295720068204,10.243668626484018,-0.5
2019-04-10 00:00:00+00:00,9.82500075737804,10.227543958531518,-0.5
2019-04-11 00:00:00+00:00,9.832433223934041,10.212636753918018,-0.5
2019-04-12 00:00:00+00:00,9.817253769262042,10.192460920717515,-0.5
2019-04-15 00:00:00+00:00,9.801104651164042,10.171147376390515,-0.5
2019-04-16 00:00:00+00:00,9.787750994358042,10.151241732540015,-0.5
2019-04-17 00:00:00+00:00,9.76598490496204,10.132275228455516,-0.5
2019-04-18 00:00:00+00:00,9.751839400608041,10.115583337451016,-0.5
2019-04-22 00:00:00+00:00,9.744922631808041,10.098742517926516,-0.5
2019-04-23 00:00:00+00:00,9.742975440242041,10.081668134302015,-0.5
2019-04-24 00:00:00+00:00,9.73663119214804,10.062561659259014,-0.5
2019-04-25 00:00:00+00:00,9.727269718026042,10.041990315849013,-0.5
2019-04-26 00:00:00+00:00,9.719401185944042,10.022614474794015,-0.5
2019-04-29 00:00:00+00:00,9.721007523378042,10.004882539999015,-0.5
2019-04-30 00:00:00+00:00,9.73039679948004,9.989334890164514,-0.5
2019-05-01 00:00:00+00:00,9.73763271512204,9.973911752016514,-0.5
2019-05-02 00:00:00+00:00,9.748419721870041,9.959186055312015,-0.5
2019-05-03 00:00:00+00:00,9.765506894266041,9.946692653897514,-0.5
2019-05-06 00:00:00+00:00,9.77853230385004,9.933568545662515,-0.5
2019-05-07 00:00:00+00:00,9.77279881463804,9.918950268860515,-0.5
2019-05-08 00:00:00+00:00,9.76309097350404,9.907459476813514,-0.5
2019-05-09 00:00:00+00:00,9.74663626146804,9.895986585722515,-0.5
2019-05-10 00:00:00+00:00,9.74168854233404,9.884346865155514,-0.5
2019-05-13 00:00:00+00:00,9.73395833942804,9.871463631904515,-0.5
2019-05-14 00:00:00+00:00,9.732981840436041,9.860625521828014,-0.5
2019-05-15 00:00:00+00:00,9.740533763946042,9.849914365121016,-0.5
2019-05-16 00:00:00+00:00,9.760976675114042,9.838085839927516,-0.5
2019-05-17 00:00:00+00:00,9.772093772428041,9.823393503452017,-0.5
2019-05-20 00:00:00+00:00,9.778050913230043,9.809946298004517,-0.5
2019-05-21 00:00:00+00:00,9.779242341392042,9.797226643374016,-0.5
2019-05-22 00:00:00+00:00,9.782022340432043,9.784350735173016,-0.5
2019-05-23 00:00:00+00:00,9.772888057868043,9.769975775038017,0.5
2019-05-24 00:00:00+00:00,9.756009492260041,9.754771536723016,0.5
2019-05-28 00:00:00+00:00,9.744095210654041,9.739639725571015,0.5
2019-05-29 00:00:00+00:00,9.727613787766042,9.725076769982017,0.5
2019-05-30 00:00:00+00:00,9.713316649840042,9.711812662455516,0.5
2019-05-31 00:00:00+00:00,9.697828083752041,9.699910063421516,-0.5
2019-06-03 00:00:00+00:00,9.68313380310604,9.688926261514515,-0.5
2019-06-04 00:00:00+00:00,9.68353094582604,9.680889288124515,0.5
2019-06-05 00:00:00+00:00,9.68372951718604,9.671928634241016,0.5
2019-06-06 00:00:00+00:00,9.68015523270404,9.663116908877516,0.5
2019-06-07 00:00:00+00:00,9.680552375424039,9.654603040554516,0.5
2019-06-10 00:00:00+00:00,9.68372951718604,9.644879033942516,0.5
2019-06-11 00:00:00+00:00,9.68631094486604,9.636257745717016,0.5
2019-06-12 00:00:00+00:00,9.68988522934804,9.628100334835517,0.5
2019-06-13 00:00:00+00:00,9.691275228868038,9.620280657100517,0.5
2019-06-14 00:00:00+00:00,9.693856656550038,9.610789405416018,0.5
2019-06-17 00:00:00+00:00,9.694253799270038,9.600451783768017,0.5
2019-06-18 00:00:00+00:00,9.702395225032038,9.590959722911016,0.5
2019-06-19 00:00:00+00:00,9.719273790638038,9.582014542466517,0.5
2019-06-20 00:00:00+00:00,9.747272352410038,9.573706584720018,0.5
2019-06-21 00:00:00+00:00,9.773483771942038,9.565928415602519,0.5
2019-06-24 00:00:00+00:00,9.796518049712036,9.557676602407518,0.5
2019-06-25 00:00:00+00:00,9.820743755642036,9.549362937955518,0.5
2019-06-26 00:00:00+00:00,9.846359461094037,9.541816700426518,0.5
2019-06-27 00:00:00+00:00,9.871379452464037,9.534396607094518,0.5
2019-06-28 00:00:00+00:00,9.898980871516036,9.528372205822517,0.5
2019-07-01 00:00:00+00:00,9.924599035470035,9.521672143711017,0.5
2019-07-02 00:00:00+00:00,9.950614153028035,9.514450379914019,0.5
2019-07-03 00:00:00+00:00,9.976231938750034,9.506754115588018,0.5
2019-07-05 00:00:00+00:00,9.999861930600034,9.498415964243518,0.5
2019-07-08 00:00:00+00:00,10.021500535382033,9.488777700753019,0.5
2019-07-09 00:00:00+00:00,10.035197231338033,9.47843493075102,0.5
2019-07-10 00:00:00+00:00,10.044722983154033,9.469749624366019,0.5
2019-07-11 00:00:00+00:00,10.043722750846033,9.461998894713519,0.5
2019-07-12 00:00:00+00:00,10.049280290426033,9.457588965930018,0.5
2019-07-15 00:00:00+00:00,10.049871654848031,9.454921585156018,0.5
2019-07-16 00:00:00+00:00,10.047685100500031,9.452229021426517,0.5
2019-07-17 00:00:00+00:00,10.03893812664803,9.446881782966518,0.5
2019-07-18 00:00:00+00:00,10.038135520122031,9.443075613984018,0.5
2019-07-19 00:00:00+00:00,10.035942535846031,9.435358236342017,0.5
2019-07-22 00:00:00+00:00,10.03951133597603,9.427389690050017,0.5
2019-07-23 00:00:00+00:00,10.05003845479403,9.420845143305518,0.5
2019-07-24 00:00:00+00:00,10.06632471040203,9.413592005523018,0.5
2019-07-25 00:00:00+00:00,10.06870624291403,9.402618926292519,0.5
2019-07-26 00:00:00+00:00,10.07386928739203,9.38999451023652,0.5
2019-07-29 00:00:00+00:00,10.07902987336803,9.377010009766519,0.5
2019-07-30 00:00:00+00:00,10.08955453368203,9.36600766305352,0.5
2019-07-31 00:00:00+00:00,10.10107072699003,9.35732576540402,0.5
2019-08-01 00:00:00+00:00,10.10364421181603,9.348711247566019,0.5
2019-08-02 00:00:00+00:00,10.105819040998032,9.340509222316019,0.5
2019-08-05 00:00:00+00:00,10.107987440250032,9.33085597229952,0.5
2019-08-06 00:00:00+00:00,10.11055128018203,9.32032668051502,0.5
2019-08-07 00:00:00+00:00,10.11271589712203,9.30834548817202,0.5
2019-08-08 00:00:00+00:00,10.11527822413003,9.29565570479102,0.5
2019-08-09 00:00:00+00:00,10.109096981364031,9.28213411876152,0.5
2019-08-12 00:00:00+00:00,10.101523847922032,9.26663854802952,0.5
2019-08-13 00:00:00+00:00,10.098126386508032,9.25511136933952,0.5
2019-08-14 00:00:00+00:00,10.079035735948032,9.24375707748952,0.5
2019-08-15 00:00:00+00:00,10.041855801834032,9.229716786274519,0.5
2019-08-16 00:00:00+00:00,10.019583470740033,9.22021939430852,0.5
2019-08-19 00:00:00+00:00,9.993734585778032,9.21479521073352,0.5
2019-08-20 00:00:00+00:00,9.960731647500033,9.20831119655152,0.5
2019-08-21 00:00:00+00:00,9.921965979238031,9.20321168822802,0.5
2019-08-22 00:00:00+00:00,9.880619450642033,9.199643038065021,0.5
2019-08-23 00:00:00+00:00,9.834304477500034,9.19502885314052,0.5
2019-08-26 00:00:00+00:00,9.791168159044034,9.19014511919352,0.5
2019-08-27 00:00:00+00:00,9.749220999362034,9.18571335663602,0.5
2019-08-28 00:00:00+00:00,9.700125459834034,9.18180776275002,0.5
2019-08-29 00:00:00+00:00,9.655997419272035,9.18122458936052,0.5
2019-08-30 00:00:00+00:00,9.608893455928035,9.184148301097519,0.5
2019-09-03 00:00:00+00:00,9.566358146788035,9.184515366758019,0.5
2019-09-04 00:00:00+00:00,9.537136007206037,9.188599655810519,0.5
2019-09-05 00:00:00+00:00,9.509304056260035,9.193448352811517,0.5
2019-09-06 00:00:00+00:00,9.478491643758035,9.198514866452518,0.5
2019-09-09 00:00:00+00:00,9.450066815468036,9.205681294461519,0.5
2019-09-10 00:00:00+00:00,9.423035390778034,9.214647453861518,0.5
2019-09-11 00:00:00+00:00,9.397792810368035,9.223944430193018,0.5
2019-09-12 00:00:00+00:00,9.370761385678035,9.23388805386202,0.5
2019-09-13 00:00:00+00:00,9.345717565744035,9.244231240746018,0.5
2019-09-16 00:00:00+00:00,9.323656004168036,9.255440470885517,0.5
2019-09-17 00:00:00+00:00,9.307159310298037,9.265120778725517,0.5
2019-09-18 00:00:00+00:00,9.290066760614037,9.273947616100518,0.5
2019-09-19 00:00:00+00:00,9.274763906432037,9.285069932389018,-0.5
2019-09-20 00:00:00+00:00,9.260255030126038,9.294466448562517,-0.5
2019-09-23 00:00:00+00:00,9.239981461608037,9.306239071104518,-0.5
2019-09-24 00:00:00+00:00,9.214333486438038,9.315837655808018,-0.5
2019-09-25 00:00:00+00:00,9.190279638380037,9.328001390677017,-0.5
2019-09-26 00:00:00+00:00,9.171390583410037,9.339849901903516,-0.5
2019-09-27 00:00:00+00:00,9.151309391198037,9.352607913310516,-0.5
2019-09-30 00:00:00+00:00,9.129635987124038,9.365106730790515,-0.5
2019-10-01 00:00:00+00:00,9.098017536680038,9.373629273791016,-0.5
2019-10-02 00:00:00+00:00,9.055663892496037,9.382130862141516,-0.5
2019-10-03 00:00:00+00:00,9.016693432510037,9.391389077622017,-0.5
2019-10-04 00:00:00+00:00,8.979906358478038,9.399331464499017,-0.5
2019-10-07 00:00:00+00:00,8.941330227358037,9.405365841700016,-0.5
2019-10-08 00:00:00+00:00,8.899766730546038,9.411057027224016,-0.5
2019-10-09 00:00:00+00:00,8.856813400044036,9.418480007694017,-0.5
2019-10-10 00:00:00+00:00,8.817241125684037,9.427497752718518,-0.5
2019-10-11 00:00:00+00:00,8.791987053770036,9.436014141193517,-0.5
2019-10-14 00:00:00+00:00,8.766731279410036,9.444705103810517,-0.5
2019-10-15 00:00:00+00:00,8.751615907006038,9.453096661463515,-0.5
2019-10-16 00:00:00+00:00,8.738488352164037,9.461251702084015,-0.5
2019-10-17 00:00:00+00:00,8.730332788492037,9.467813066369015,-0.5
2019-10-18 00:00:00+00:00,8.719989157142036,9.473928774033014,-0.5
2019-10-21 00:00:00+00:00,8.713020836184036,9.478387774252514,-0.5
2019-10-22 00:00:00+00:00,8.713412398578036,9.481756631125013,-0.5
2019-10-23 00:00:00+00:00,8.709432932952035,9.486382215617512,-0.5
2019-10-24 00:00:00+00:00,8.708033310204035,9.490348937376513,-0.5
2019-10-25 00:00:00+00:00,8.727902122378037,9.492465133152013,-0.5
2019-10-28 00:00:00+00:00,8.733660430420036,9.494929532169513,-0.5
2019-10-29 00:00:00+00:00,8.741803864168036,9.497584771422012,-0.5
2019-10-30 00:00:00+00:00,8.776404572970035,9.506224386988013,-0.5
2019-10-31 00:00:00+00:00,8.812791359578036,9.513024587920512,-0.5
2019-11-01 00:00:00+00:00,8.856540796010034,9.521051160726012,-0.5
2019-11-04 00:00:00+00:00,8.915606493380034,9.532195296619511,-0.5
2019-11-05 00:00:00+00:00,8.973878000070034,9.545446808144511,-0.5
2019-11-06 00:00:00+00:00,9.035529498874034,9.55861306586001,-0.5
2019-11-07 00:00:00+00:00,9.102354515798032,9.57288384293051,-0.5
2019-11-08 00:00:00+00:00,9.170376990106032,9.586485734136511,-0.5
2019-11-11 00:00:00+00:00,9.232234271972033,9.600339320248011,-0.5
2019-11-12 00:00:00+00:00,9.293894283004033,9.614684239778011,-0.5
2019-11-13 00:00:00+00:00,9.343625899022031,9.62742829496851,-0.5
2019-11-14 00:00:00+00:00,9.39315875456403,9.63511508393201,-0.5
2019-11-15 00:00:00+00:00,9.44925560033203,9.64380283908701,-0.5
2019-11-18 00:00:00+00:00,9.498791647958031,9.651997227562012,-0.5
2019-11-19 00:00:00+00:00,9.545943846710031,9.65848625349151,-0.5
2019-11-20 00:00:00+00:00,9.586534608904032,9.66519146383751,-0.5
2019-11-21 00:00:00+00:00,9.631898601792031,9.674549193076512,-0.5
2019-11-22 00:00:00+00:00,9.67587169696203,9.685199160424512,-0.5
2019-11-25 00:00:00+00:00,9.719645818850031,9.694948736441512,0.5
2019-11-26 00:00:00+00:00,9.759241501832031,9.703792766384511,0.5
2019-11-27 00:00:00+00:00,9.79724539856203,9.710477644114512,0.5
2019-11-29 00:00:00+00:00,9.834055455606029,9.718637467142512,0.5
2019-12-02 00:00:00+00:00,9.86967167296203,9.726011563353513,0.5
2019-12-03 00:00:00+00:00,9.902502264378029,9.732349182883512,0.5
2019-12-04 00:00:00+00:00,9.94090410767203,9.738382242707011,0.5
2019-12-05 00:00:00+00:00,9.973336752526029,9.744202096418013,0.5
2019-12-06 00:00:00+00:00,10.014723195040029,9.750896052237012,0.5
2019-12-09 00:00:00+00:00,10.053522984896027,9.753941677713513,0.5
2019-12-10 00:00:00+00:00,10.094710454128029,9.755844987650512,0.5
2019-12-11 00:00:00+00:00,10.14166814851803,9.756458320660514,0.5
2019-12-12 00:00:00+00:00,10.199967319942028,9.761839552391512,0.5
2019-12-13 00:00:00+00:00,10.252297292926027,9.767318443816514,0.5
2019-12-16 00:00:00+00:00,10.304030346066027,9.771406196973512,0.5
2019-12-17 00:00:00+00:00,10.354569559520025,9.777575709554013,0.5
2019-12-18 00:00:00+00:00,10.407894398910026,9.786916919484511,0.5
2019-12-19 00:00:00+00:00,10.461418211584025,9.79496997943451,0.5
2019-12-20 00:00:00+00:00,10.512952291444027,9.80232876433701,0.5
2019-12-23 00:00:00+00:00,10.560111304222026,9.808746227800011,0.5
2019-12-24 00:00:00+00:00,10.609459564274026,9.816008056278513,0.5
2019-12-26 00:00:00+00:00,10.656221893238026,9.822178324590512,0.5
2019-12-27 00:00:00+00:00,10.701789480552025,9.826709651289512,0.5
2019-12-30 00:00:00+00:00,10.742579905186023,9.832430950363511,0.5
2019-12-31 00:00:00+00:00,10.786555345464024,9.837359128625511,0.5
2020-01-02 00:00:00+00:00,10.849248164432021,9.846170657955012,0.5
2020-01-03 00:00:00+00:00,10.907365319500023,9.855032412438012,0.5
2020-01-06 00:00:00+00:00,10.967276300778021,9.864492355836012,0.5
2020-01-07 00:00:00+00:00,11.02917539133402,9.874943845828012,0.5
2020-01-08 00:00:00+00:00,11.087888925068018,9.885344091616512,0.5
2020-01-09 00:00:00+00:00,11.14461218481202,9.894502829669012,0.5
2020-01-10 00:00:00+00:00,11.19655575637602,9.903161645436512,0.5
2020-01-13 00:00:00+00:00,11.23676802201802,9.91440843991851,0.5
2020-01-14 00:00:00+00:00,11.27777455725002,9.924710710233011,0.5
2020-01-15 00:00:00+00:00,11.30763570244402,9.93367029461101,0.5
2020-01-16 00:00:00+00:00,11.325955856144022,9.941785513973011,0.5
2020-01-17 00:00:00+00:00,11.342882655696021,9.95044636784001,0.5
2020-01-21 00:00:00+00:00,11.35582728373002,9.958707895309011,0.5
2020-01-22 00:00:00+00:00,11.35762417661802,9.965624844320512,0.5
2020-01-23 00:00:00+00:00,11.362810831002019,9.977114757754514,0.5
2020-01-24 00:00:00+00:00,11.37018510912202,9.989646297358012,0.5
2020-01-27 00:00:00+00:00,11.37078942507002,10.001131406701013,0.5
2020-01-28 00:00:00+00:00,11.37975585022602,10.014258951541514,0.5
2020-01-29 00:00:00+00:00,11.412819869952019,10.034006609104512,0.5
2020-01-30 00:00:00+00:00,11.437125277052017,10.052807995559014,0.5
2020-01-31 00:00:00+00:00,11.457446167526015,10.069421020854014,0.5
2020-02-03 00:00:00+00:00,11.472789298504015,10.085187351877014,0.5
2020-02-04 00:00:00+00:00,11.496694053148014,10.101405126972514,0.5
2020-02-05 00:00:00+00:00,11.523389484730014,10.119165906307016,0.5
2020-02-06 00:00:00+00:00,11.551479352818014,10.137325138568515,0.5
2020-02-07 00:00:00+00:00,11.576582456972014,10.154936552647516,0.5
2020-02-10 00:00:00+00:00,11.607855175988016,10.173939130875016,0.5
2020-02-11 00:00:00+00:00,11.639126812648014,10.190409050790516,0.5
2020-02-12 00:00:00+00:00,11.676970159768013,10.207628126240017,0.5
2020-02-13 00:00:00+00:00,11.712620832150014,10.221567571521016,0.5
2020-02-14 00:00:00+00:00,11.749463359902013,10.235306844078517,0.5
2020-02-18 00:00:00+00:00,11.786503417790014,10.247903166687017,0.5
2020-02-19 00:00:00+00:00,11.822944030336014,10.258561380435516,0.5
2020-02-20 00:00:00+00:00,11.851623241768014,10.269168786716518,0.5
2020-02-21 00:00:00+00:00,11.876914856420012,10.279970688159018,0.5
2020-02-24 00:00:00+00:00,11.894041531216011,10.288582627078517,0.5
2020-02-25 00:00:00+00:00,11.901209800736012,10.295101705477515,0.5
2020-02-26 00:00:00+00:00,11.891657640090013,10.299331826830514,0.5
2020-02-27 00:00:00+00:00,11.872942606506012,10.302064510586014,0.5
2020-02-28 00:00:00+00:00,11.867368648738012,10.305002899049013,0.5
2020-03-02 00:00:00+00:00,11.869759575184013,10.309882162363513,0.5
2020-03-03 00:00:00+00:00,11.868364056324012,10.31376376478701,0.5
2020-03-04 00:00:00+00:00,11.866770826930013,10.31863924306001,0.5
2020-03-05 00:00:00+00:00,11.847851227886013,10.31977884300101,0.5
2020-03-06 00:00:00+00:00,11.812999334912012,10.317185476180011,0.5
2020-03-09 00:00:00+00:00,11.753825481686013,10.30895884159201,0.5
2020-03-10 00:00:00+00:00,11.706614408308011,10.305609912200511,0.5
2020-03-11 00:00:00+00:00,11.647639708756012,10.299617205413513,0.5
2020-03-12 00:00:00+00:00,11.571118723052013,10.289186828463011,0.5
2020-03-13 00:00:00+00:00,11.505365171418013,10.28179697453851,0.5
2020-03-16 00:00:00+00:00,11.400552287646015,10.267979567406512,0.5
2020-03-17 00:00:00+00:00,11.303316141848015,10.256404426962012,0.5
2020-03-18 00:00:00+00:00,11.193124837682017,10.241990114480013,0.5
2020-03-19 00:00:00+00:00,11.082333530104018,10.224644491897513,0.5
2020-03-20 00:00:00+00:00,10.974530375102017,10.208044306095513,0.5
2020-03-23 00:00:00+00:00,10.859150693992017,10.189251694991011,0.5
2020-03-24 00:00:00+00:00,10.766493599638018,10.174646951490011,0.5
2020-03-25 00:00:00+00:00,10.675839694634016,10.162435984280512,0.5
2020-03-26 00:00:00+00:00,10.598142642924016,10.152668634747512,0.5
2020-03-27 00:00:00+00:00,10.513663773014017,10.139614930527511,0.5
2020-03-30 00:00:00+00:00,10.435165233698015,10.127758015180511,0.5
2020-03-31 00:00:00+00:00,10.358260983104014,10.11654744947851,0.5
2020-04-01 00:00:00+00:00,10.266401139044014,10.101744730252511,0.5
2020-04-02 00:00:00+00:00,10.177525633978014,10.08440744655701,0.5
2020-04-03 00:00:00+00:00,10.077294767770015,10.06662000203751,0.5
2020-04-06 00:00:00+00:00,9.988227100596015,10.04988498440451,-0.5
2020-04-07 00:00:00+00:00,9.900549271828016,10.03289778167251,-0.5
2020-04-08 00:00:00+00:00,9.812478856084015,10.01824915313451,-0.5
2020-04-09 00:00:00+00:00,9.697120997134014,10.003100919477511,-0.5
2020-04-13 00:00:00+00:00,9.583552978862015,9.98710637500101,-0.5
2020-04-14 00:00:00+00:00,9.473766973608015,9.97001790114001,-0.5
2020-04-15 00:00:00+00:00,9.359192169954015,9.95024017648651,-0.5
2020-04-16 00:00:00+00:00,9.233060944694016,9.92852060427851,-0.5
2020-04-17 00:00:00+00:00,9.113315348944015,9.90984120528601,-0.5
2020-04-20 00:00:00+00:00,8.985198307314016,9.88956673070951,-0.5
2020-04-21 00:00:00+00:00,8.858873013154016,9.869689323286009,-0.5
2020-04-22 00:00:00+00:00,8.729957661904017,9.85105341250551,-0.5
2020-04-23 00:00:00+00:00,8.604031522556017,9.832617623595008,-0.5
2020-04-24 00:00:00+00:00,8.466748115276017,9.813134409270509,-0.5
2020-04-27 00:00:00+00:00,8.337235303004018,9.794945709560508,-0.5
2020-04-28 00:00:00+00:00,8.217289706116018,9.777309198001008,-0.5
2020-04-29 00:00:00+00:00,8.094551296748017,9.759073077162007,-0.5
2020-04-30 00:00:00+00:00,7.978987080692017,9.741386875483506,-0.5
2020-05-01 00:00:00+00:00,7.859035127836016,9.724193037013508,-0.5
2020-05-04 00:00:00+00:00,7.738877877204016,9.705156277429507,-0.5
2020-05-05 00:00:00+00:00,7.626288254324015,9.686169056698008,-0.5
2020-05-06 00:00:00+00:00,7.520066887972016,9.665240593476508,-0.5
2020-05-07 00:00:00+00:00,7.423805959580017,9.642773703027007,-0.5
2020-05-08 00:00:00+00:00,7.342286216656016,9.621054887149507,-0.5
2020-05-11 00:00:00+00:00,7.249014288300017,9.600079910395507,-0.5
2020-05-12 00:00:00+00:00,7.145382343442017,9.577760426376006,-0.5
2020-05-13 00:00:00+00:00,7.044135793496017,9.555040244819006,-0.5
2020-05-14 00:00:00+00:00,6.939700877974018,9.531175829133005,-0.5
2020-05-15 00:00:00+00:00,6.848405655768018,9.506612575195506,-0.5
2020-05-18 00:00:00+00:00,6.786004241828019,9.487775483683007,-0.5
2020-05-19 00:00:00+00:00,6.746131133880019,9.469036864812507,-0.5
2020-05-20 00:00:00+00:00,6.697685307722018,9.453034379068507,-0.5
2020-05-21 00:00:00+00:00,6.66319506934602,9.437778152704507,-0.5
2020-05-22 00:00:00+00:00,6.646847095086019,9.422719627954006,-0.5
2020-05-26 00:00:00+00:00,6.625913713412021,9.409455846859005,-0.5
2020-05-27 00:00:00+00:00,6.638473742416021,9.400323757669504,-0.5
2020-05-28 00:00:00+00:00,6.63249277622202,9.389146659037005,-0.5
2020-05-29 00:00:00+00:00,6.63189467960202,9.375432187753505,-0.5
2020-06-01 00:00:00+00:00,6.637476914716021,9.364254786589505,-0.5
2020-06-02 00:00:00+00:00,6.64804328832202,9.359591177717505,-0.5
2020-06-03 00:00:00+00:00,6.672963980790019,9.352596822503505,-0.5
2020-06-04 00:00:00+00:00,6.687517665192019,9.348092721343503,-0.5
2020-06-05 00:00:00+00:00,6.6938973624640195,9.345727413021505,-0.5
2020-06-08 00:00:00+00:00,6.700675790816019,9.347346087642006,-0.5
2020-06-09 00:00:00+00:00,6.708650412406019,9.346622670968506,-0.5
2020-06-10 00:00:00+00:00,6.70306817729402,9.344948940129006,-0.5
2020-06-11 00:00:00+00:00,6.68333098885802,9.339588156932006,-0.5
2020-06-12 00:00:00+00:00,6.687517665192019,9.336318896710004,-0.5
2020-06-15 00:00:00+00:00,6.694296093542019,9.332950104984006,-0.5
2020-06-16 00:00:00+00:00,6.70904914348402,9.329882933090506,-0.5
2020-06-17 00:00:00+00:00,6.709248509022019,9.324973747678007,-0.5
2020-06-18 00:00:00+00:00,6.714232647516019,9.319866406854507,-0.5
2020-06-19 00:00:00+00:00,6.711242164420018,9.311775692438006,-0.5
2020-06-22 00:00:00+00:00,6.709248509022019,9.303087032668008,-0.5
2020-06-23 00:00:00+00:00,6.708849777944019,9.294695908547508,-0.5
2020-06-24 00:00:00+00:00,6.700875156356019,9.282719986362007,-0.5
2020-06-25 00:00:00+00:00,6.70446373607202,9.270597262810007,-0.5
2020-06-26 00:00:00+00:00,6.7094478745660195,9.256434370328007,-0.5
2020-06-29 00:00:00+00:00,6.708859623158019,9.244365764656006,-0.5
2020-06-30 00:00:00+00:00,6.7154494541700185,9.231999702816006,-0.5
2020-07-01 00:00:00+00:00,6.7208403229780185,9.218985402988508,-0.5
2020-07-02 00:00:00+00:00,6.728825405106018,9.206469936207508,-0.5
2020-07-06 00:00:00+00:00,6.738610315022018,9.194753512197007,-0.5
2020-07-07 00:00:00+00:00,6.748786572110018,9.181640075690007,-0.5
2020-07-08 00:00:00+00:00,6.757570347048017,9.169274538791008,-0.5
2020-07-09 00:00:00+00:00,6.7533867473420175,9.155660519434509,-0.5
2020-07-10 00:00:00+00:00,6.755785594740018,9.144436104237508,-0.5
2020-07-13 00:00:00+00:00,6.753998073466017,9.132316484255009,-0.5
2020-07-14 00:00:00+00:00,6.761785636030018,9.12179180016851,-0.5
2020-07-15 00:00:00+00:00,6.7805463025140185,9.112465505258509,-0.5
2020-07-16 00:00:00+00:00,6.797709275716019,9.103187378846009,-0.5
2020-07-17 00:00:00+00:00,6.819657637196018,9.095650618605509,-0.5
2020-07-20 00:00:00+00:00,6.835020782608018,9.08761292555501,-0.5
2020-07-21 00:00:00+00:00,6.850189792748019,9.079428977209009,-0.5
2020-07-22 00:00:00+00:00,6.867751804692018,9.072041271949008,-0.5
2020-07-23 00:00:00+00:00,6.888702415486018,9.064603473408008,-0.5
2020-07-24 00:00:00+00:00,6.910245584968018,9.057659958424509,-0.5
2020-07-27 00:00:00+00:00,6.930587946268017,9.049619465689007,-0.5
2020-07-28 00:00:00+00:00,6.958711101550017,9.041980069162006,-0.5
2020-07-29 00:00:00+00:00,6.965293548652016,9.031102107403507,-0.5
2020-07-30 00:00:00+00:00,6.966482973306016,9.018974788286506,-0.5
2020-07-31 00:00:00+00:00,6.9596919307760166,9.005053385011008,-0.5
2020-08-03 00:00:00+00:00,6.952503387820015,8.991281911618508,-0.5
2020-08-04 00:00:00+00:00,6.947309423250016,8.976963786643509,-0.5
2020-08-05 00:00:00+00:00,6.939531705898015,8.96434148404801,-0.5
2020-08-06 00:00:00+00:00,6.920587364678015,8.95221538979301,-0.5
2020-08-07 00:00:00+00:00,6.913208378406015,8.93909565399401,-0.5
2020-08-10 00:00:00+00:00,6.915407244938015,8.92692576575001,-0.5
2020-08-11 00:00:00+00:00,6.915016205430014,8.91600051039601,-0.5
2020-08-12 00:00:00+00:00,6.908643892066014,8.90477662013951,-0.5
2020-08-13 00:00:00+00:00,6.893695168540014,8.892605507033508,-0.5
2020-08-14 00:00:00+00:00,6.872368593720014,8.880733903731509,-0.5
2020-08-17 00:00:00+00:00,6.844457110494014,8.862740547402508,-0.5
2020-08-18 00:00:00+00:00,6.804383406354015,8.845244099336009,-0.5
2020-08-19 00:00:00+00:00,6.771883746746014,8.825458408652509,-0.5
2020-08-20 00:00:00+00:00,6.7453616690400136,8.802387734044009,-0.5
2020-08-21 00:00:00+00:00,6.732796409768014,8.779317759356507,-0.5
2020-08-24 00:00:00+00:00,6.720639726788013,8.757596453688508,-0.5
2020-08-25 00:00:00+00:00,6.7078837165360135,8.734332405168509,-0.5
2020-08-26 00:00:00+00:00,6.6883458936400135,8.709375158974007,-0.5
2020-08-27 00:00:00+00:00,6.673393478160014,8.685263549225008,-0.5
2020-08-28 00:00:00+00:00,6.660239352154013,8.661452674142007,-0.5
2020-08-31 00:00:00+00:00,6.644285801694013,8.636940668106007,-0.5
2020-09-01 00:00:00+00:00,6.627530174132013,8.611679887560006,-0.5
2020-09-02 00:00:00+00:00,6.616563838794012,8.586522968163006,-0.5
2020-09-03 00:00:00+00:00,6.612571605392012,8.561164975720507,-0.5
2020-09-04 00:00:00+00:00,6.607585620920012,8.536007706362506,-0.5
2020-09-08 00:00:00+00:00,6.600796732032012,8.509999901110007,-0.5
2020-09-09 00:00:00+00:00,6.588017647064013,8.483395525974007,-0.5
2020-09-10 00:00:00+00:00,6.5714447712460125,8.455892971387007,-0.5
2020-09-11 00:00:00+00:00,6.555670588240012,8.427991595336007,-0.5
2020-09-14 00:00:00+00:00,6.542292483664013,8.402232681665508,-0.5
2020-09-15 00:00:00+00:00,6.524321895428013,8.376522636413506,-0.5
2020-09-16 00:00:00+00:00,6.524122222224013,8.354156767344508,-0.5
2020-09-17 00:00:00+00:00,6.527916013074014,8.333835623819006,-0.5
2020-09-18 00:00:00+00:00,6.533906209152013,8.313511505628007,-0.5
2020-09-21 00:00:00+00:00,6.527117320262014,8.290989407385007,-0.5
2020-09-22 00:00:00+00:00,6.518132026144014,8.268515302659509,-0.5
2020-09-23 00:00:00+00:00,6.502757189544013,8.243800298794508,-0.5
2020-09-24 00:00:00+00:00,6.481192483662013,8.21938287995001,-0.5
2020-09-25 00:00:00+00:00,6.462622875818012,8.195165484268507,-0.5
2020-09-28 00:00:00+00:00,6.445453921570013,8.171597061868509,-0.5
2020-09-29 00:00:00+00:00,6.430678431374012,8.145290703413007,-0.5
2020-09-30 00:00:00+00:00,6.414708496734013,8.120031778161009,-0.5
2020-10-01 00:00:00+00:00,6.398539215688013,8.095668489354509,-0.5
2020-10-02 00:00:00+00:00,6.385769281048012,8.072403403790009,-0.5
2020-10-05 00:00:00+00:00,6.376993464054014,8.049934724710509,-0.5
2020-10-06 00:00:00+00:00,6.366412745100014,8.02586809906801,-0.5
2020-10-07 00:00:00+00:00,6.355037908498014,8.002501473425509,-0.5
2020-10-08 00:00:00+00:00,6.356453267976013,7.98018759834201,-0.5
2020-10-09 00:00:00+00:00,6.368257843140014,7.958674358003009,-0.5
2020-10-12 00:00:00+00:00,6.383656209154013,7.936911963990009,-0.5
2020-10-13 00:00:00+00:00,6.3960558823560145,7.914848512069509,-0.5
2020-10-14 00:00:00+00:00,6.409856535950014,7.893782944334508,-0.5
2020-10-15 00:00:00+00:00,6.419465686276014,7.872569069251008,-0.5
2020-10-16 00:00:00+00:00,6.4388725490220144,7.849621485940507,-0.5
2020-10-19 00:00:00+00:00,6.456881699348015,7.826474748956007,-0.5
2020-10-20 00:00:00+00:00,6.4704996732040145,7.802731608856507,-0.5
2020-10-21 00:00:00+00:00,6.482519607844015,7.779336564523507,-0.5
2020-10-22 00:00:00+00:00,6.502739215688016,7.7584891927945066,-0.5
2020-10-23 00:00:00+00:00,6.523554901962016,7.737341186321007,-0.5
2020-10-26 00:00:00+00:00,6.5381725490200155,7.716138101892508,-0.5
2020-10-27 00:00:00+00:00,6.550983986928015,7.691294538630007,-0.5
2020-10-28 00:00:00+00:00,6.570794444444016,7.668499071134509,-0.5
2020-10-29 00:00:00+00:00,6.590802941176016,7.646250218335508,-0.5
2020-10-30 00:00:00+00:00,6.614007843136017,7.624400730792008,-0.5
2020-11-02 00:00:00+00:00,6.638414052286016,7.603200608504008,-0.5
2020-11-03 00:00:00+00:00,6.663030718952017,7.584397312494008,-0.5
2020-11-04 00:00:00+00:00,6.688446078430018,7.567037880621507,-0.5
2020-11-05 00:00:00+00:00,6.718857843136018,7.548386912007507,-0.5
2020-11-06 00:00:00+00:00,6.751269607842017,7.530534673905006,-0.5
2020-11-09 00:00:00+00:00,6.793685620914018,7.517176723103006,-0.5
2020-11-10 00:00:00+00:00,6.846692810456019,7.503674908163506,-0.5
2020-11-11 00:00:00+00:00,6.900895098038019,7.4836986945815065,-0.5
2020-11-12 00:00:00+00:00,6.947505555554019,7.464118037788507,-0.5
2020-11-13 00:00:00+00:00,7.00631209150202,7.448381456714507,-0.5
2020-11-16 00:00:00+00:00,7.069521895424019,7.435190855592506,-0.5
2020-11-17 00:00:00+00:00,7.140522549018019,7.420957025077506,-0.5
2020-11-18 00:00:00+00:00,7.212123856208019,7.405579118843506,-0.5
2020-11-19 00:00:00+00:00,7.2855199346400195,7.389403116842505,-0.5
2020-11-20 00:00:00+00:00,7.361914379084019,7.374324575864006,-0.5
2020-11-23 00:00:00+00:00,7.440515359476019,7.360397727537506,0.5
2020-11-24 00:00:00+00:00,7.527714705882018,7.3486696097220054,0.5
2020-11-25 00:00:00+00:00,7.602935294118018,7.335648050932005,0.5
2020-11-27 00:00:00+00:00,7.670165686274017,7.323221837350006,0.5
