,NFLX,AAPL,GOOG
2015-02-01 00:00:00+00:00,0.0,0.0,0.0
2015-02-02 00:00:00+00:00,0.0,0.0,0.0
2015-02-03 00:00:00+00:00,0.0,0.0,0.0
2015-02-04 00:00:00+00:00,0.0,0.0,0.0
2015-02-05 00:00:00+00:00,0.0,0.0,0.0
2015-02-06 00:00:00+00:00,0.0,0.0,0.0
2015-02-09 00:00:00+00:00,0.0,0.0,0.0
2015-02-10 00:00:00+00:00,0.0,0.0,0.0
2015-02-11 00:00:00+00:00,0.0,0.0,0.0
2015-02-12 00:00:00+00:00,0.0,0.0,0.0
2015-02-13 00:00:00+00:00,0.0,0.0,0.0
2015-02-17 00:00:00+00:00,0.0,0.0,0.0
2015-02-18 00:00:00+00:00,0.0,0.0,0.0
2015-02-19 00:00:00+00:00,0.0,0.0,0.0
2015-02-20 00:00:00+00:00,0.0,0.0,0.0
2015-02-23 00:00:00+00:00,0.0,0.0,0.0
2015-02-24 00:00:00+00:00,0.0,0.0,0.0
2015-02-25 00:00:00+00:00,0.0,0.0,0.0
2015-02-26 00:00:00+00:00,0.0,0.0,0.0
2015-02-27 00:00:00+00:00,0.0,0.0,0.0
2015-03-02 00:00:00+00:00,0.0,0.0,0.0
2015-03-03 00:00:00+00:00,0.0,0.0,0.0
2015-03-04 00:00:00+00:00,0.0,0.0,0.0
2015-03-05 00:00:00+00:00,0.0,0.0,0.0
2015-03-06 00:00:00+00:00,0.0,0.0,0.0
2015-03-09 00:00:00+00:00,0.0,0.0,0.0
2015-03-10 00:00:00+00:00,0.0,0.0,0.0
2015-03-11 00:00:00+00:00,0.0,0.0,0.0
2015-03-12 00:00:00+00:00,0.0,0.0,0.0
2015-03-13 00:00:00+00:00,0.0,0.0,0.0
2015-03-16 00:00:00+00:00,0.0,0.0,0.0
2015-03-17 00:00:00+00:00,0.0,0.0,0.0
2015-03-18 00:00:00+00:00,0.0,0.0,0.0
2015-03-19 00:00:00+00:00,0.0,0.0,0.0
2015-03-20 00:00:00+00:00,5443.0,11561.0,594.0
2015-03-23 00:00:00+00:00,5485.0,11451.0,595.0
2015-03-24 00:00:00+00:00,5403.0,11680.0,593.0
2015-03-25 00:00:00+00:00,5457.0,11658.0,588.0
2015-03-26 00:00:00+00:00,5489.0,11547.0,590.0
2015-03-27 00:00:00+00:00,5482.0,11529.0,592.0
2015-03-30 00:00:00+00:00,5472.0,11435.0,598.0
2015-03-31 00:00:00+00:00,5482.0,11472.0,595.0
2015-04-01 00:00:00+00:00,5492.0,11412.0,597.0
2015-04-02 00:00:00+00:00,5476.0,11307.0,0.0
2015-04-06 00:00:00+00:00,5433.0,11260.0,-611.0
2015-04-07 00:00:00+00:00,5404.0,11348.0,-609.0
2015-04-08 00:00:00+00:00,5237.0,11500.0,-609.0
2015-04-09 00:00:00+00:00,5268.0,11432.0,-612.0
2015-04-10 00:00:00+00:00,5161.0,11535.0,-621.0
2015-04-13 00:00:00+00:00,5014.0,11726.0,-631.0
2015-04-14 00:00:00+00:00,5006.0,11857.0,-646.0
2015-04-15 00:00:00+00:00,5028.0,11785.0,-642.0
2015-04-16 00:00:00+00:00,4501.0,12531.0,-678.0
2015-04-17 00:00:00+00:00,4462.0,12775.0,-696.0
2015-04-20 00:00:00+00:00,4485.0,12464.0,-680.0
2015-04-21 00:00:00+00:00,4518.0,12469.0,-678.0
2015-04-22 00:00:00+00:00,4538.0,12297.0,-671.0
2015-04-23 00:00:00+00:00,4522.0,12183.0,-661.0
2015-04-24 00:00:00+00:00,4482.0,12006.0,-633.0
2015-04-27 00:00:00+00:00,4494.0,11985.0,0.0
2015-04-28 00:00:00+00:00,4486.0,12090.0,651.0
2015-04-29 00:00:00+00:00,4453.0,12175.0,652.0
2015-04-30 00:00:00+00:00,4414.0,12265.0,653.0
2015-05-01 00:00:00+00:00,4457.0,12031.0,659.0
2015-05-04 00:00:00+00:00,4473.0,12053.0,655.0
2015-05-05 00:00:00+00:00,4357.0,12241.0,663.0
2015-05-06 00:00:00+00:00,4356.0,12206.0,0.0
2015-05-07 00:00:00+00:00,4340.0,12190.0,-661.0
2015-05-08 00:00:00+00:00,4300.0,12048.0,-656.0
2015-05-11 00:00:00+00:00,4217.0,12258.0,-664.0
2015-05-12 00:00:00+00:00,4260.0,12295.0,-672.0
2015-05-13 00:00:00+00:00,4278.0,12256.0,-670.0
2015-05-14 00:00:00+00:00,4254.0,12050.0,-663.0
2015-05-15 00:00:00+00:00,4142.0,12275.0,-680.0
2015-05-18 00:00:00+00:00,4140.0,12229.0,-687.0
2015-05-19 00:00:00+00:00,4132.0,12188.0,-678.0
2015-05-20 00:00:00+00:00,4105.0,12208.0,-676.0
2015-05-21 00:00:00+00:00,4104.0,12110.0,-674.0
2015-05-22 00:00:00+00:00,4127.0,12051.0,-679.0
2015-05-26 00:00:00+00:00,4143.0,12252.0,-685.0
2015-05-27 00:00:00+00:00,4092.0,12130.0,-682.0
2015-05-28 00:00:00+00:00,4100.0,12131.0,-680.0
2015-05-29 00:00:00+00:00,4114.0,12266.0,-690.0
2015-06-01 00:00:00+00:00,4117.0,12228.0,-687.0
2015-06-02 00:00:00+00:00,4093.0,12231.0,-677.0
2015-06-03 00:00:00+00:00,4102.0,12197.0,-675.0
2015-06-04 00:00:00+00:00,4087.0,12297.0,-681.0
2015-06-05 00:00:00+00:00,4054.0,12419.0,-688.0
2015-06-08 00:00:00+00:00,4088.0,12486.0,-696.0
2015-06-09 00:00:00+00:00,4000.0,12644.0,-703.0
2015-06-10 00:00:00+00:00,0.0,12621.0,-696.0
2015-06-11 00:00:00+00:00,0.0,12657.0,-699.0
2015-06-12 00:00:00+00:00,3946.0,12767.0,-701.0
2015-06-15 00:00:00+00:00,3985.0,12780.0,-707.0
2015-06-16 00:00:00+00:00,3938.0,12811.0,-711.0
2015-06-17 00:00:00+00:00,3960.0,12777.0,-706.0
2015-06-18 00:00:00+00:00,3935.0,12699.0,-695.0
2015-06-19 00:00:00+00:00,3946.0,12746.0,-691.0
2015-06-22 00:00:00+00:00,3883.0,12781.0,-696.0
2015-06-23 00:00:00+00:00,3848.0,12841.0,-693.0
2015-06-24 00:00:00+00:00,3875.0,12774.0,-699.0
2015-06-25 00:00:00+00:00,3931.0,12745.0,-697.0
2015-06-26 00:00:00+00:00,3982.0,12742.0,-697.0
2015-06-29 00:00:00+00:00,4009.0,12936.0,-710.0
2015-06-30 00:00:00+00:00,3975.0,12958.0,-717.0
2015-07-01 00:00:00+00:00,3990.0,12857.0,-717.0
2015-07-02 00:00:00+00:00,3973.0,12874.0,-714.0
2015-07-06 00:00:00+00:00,3955.0,12932.0,-716.0
2015-07-07 00:00:00+00:00,3960.0,12914.0,-710.0
2015-07-08 00:00:00+00:00,3964.0,13174.0,-718.0
2015-07-09 00:00:00+00:00,3867.0,13429.0,-711.0
2015-07-10 00:00:00+00:00,3838.0,13185.0,-704.0
2015-07-13 00:00:00+00:00,3725.0,13056.0,-690.0
2015-07-14 00:00:00+00:00,3709.0,12913.0,0.0
2015-07-15 00:00:00+00:00,3778.0,12735.0,661.0
2015-07-16 00:00:00+00:00,3445.0,13523.0,688.0
2015-07-17 00:00:00+00:00,3661.0,14123.0,624.0
2015-07-20 00:00:00+00:00,3760.0,13710.0,626.0
2015-07-21 00:00:00+00:00,3702.0,13879.0,629.0
2015-07-22 00:00:00+00:00,3672.0,14243.0,618.0
2015-07-23 00:00:00+00:00,3669.0,14060.0,627.0
2015-07-24 00:00:00+00:00,3640.0,13926.0,638.0
2015-07-27 00:00:00+00:00,3696.0,13959.0,627.0
2015-07-28 00:00:00+00:00,3693.0,13939.0,628.0
2015-07-29 00:00:00+00:00,3692.0,14005.0,625.0
2015-07-30 00:00:00+00:00,3589.0,14253.0,632.0
2015-07-31 00:00:00+00:00,3508.0,14402.0,641.0
2015-08-03 00:00:00+00:00,3527.0,14603.0,629.0
2015-08-04 00:00:00+00:00,3322.0,15293.0,639.0
2015-08-05 00:00:00+00:00,3308.0,0.0,635.0
2015-08-06 00:00:00+00:00,3256.0,-15542.0,640.0
2015-08-07 00:00:00+00:00,3289.0,-15255.0,639.0
2015-08-10 00:00:00+00:00,3255.0,-14511.0,632.0
2015-08-11 00:00:00+00:00,3363.0,0.0,624.0
2015-08-12 00:00:00+00:00,3401.0,-15454.0,621.0
2015-08-13 00:00:00+00:00,3335.0,-15544.0,628.0
2015-08-14 00:00:00+00:00,3335.0,-15391.0,626.0
2015-08-17 00:00:00+00:00,3295.0,-15290.0,625.0
2015-08-18 00:00:00+00:00,3316.0,0.0,626.0
2015-08-19 00:00:00+00:00,3358.0,0.0,620.0
2015-08-20 00:00:00+00:00,3523.0,0.0,612.0
2015-08-21 00:00:00+00:00,3648.0,-15586.0,618.0
2015-08-24 00:00:00+00:00,3807.0,-15514.0,625.0
2015-08-25 00:00:00+00:00,3668.0,-15570.0,639.0
2015-08-26 00:00:00+00:00,3502.0,-15253.0,613.0
2015-08-27 00:00:00+00:00,3336.0,0.0,615.0
2015-08-28 00:00:00+00:00,3322.0,-14990.0,619.0
2015-08-31 00:00:00+00:00,3354.0,0.0,623.0
2015-09-01 00:00:00+00:00,3506.0,0.0,620.0
2015-09-02 00:00:00+00:00,3547.0,0.0,608.0
2015-09-03 00:00:00+00:00,3633.0,0.0,605.0
2015-09-04 00:00:00+00:00,3677.0,0.0,604.0
2015-09-08 00:00:00+00:00,3806.0,0.0,587.0
2015-09-09 00:00:00+00:00,3694.0,0.0,597.0
2015-09-10 00:00:00+00:00,3704.0,0.0,593.0
2015-09-11 00:00:00+00:00,3762.0,0.0,586.0
2015-09-14 00:00:00+00:00,3805.0,13669.0,583.0
2015-09-15 00:00:00+00:00,3747.0,13859.0,585.0
2015-09-16 00:00:00+00:00,3632.0,14084.0,594.0
2015-09-17 00:00:00+00:00,3616.0,14347.0,586.0
2015-09-18 00:00:00+00:00,3623.0,14212.0,590.0
2015-09-21 00:00:00+00:00,3710.0,14007.0,585.0
2015-09-22 00:00:00+00:00,3711.0,13974.0,586.0
2015-09-23 00:00:00+00:00,3730.0,13878.0,587.0
2015-09-24 00:00:00+00:00,3607.0,14115.0,598.0
2015-09-25 00:00:00+00:00,3613.0,13966.0,603.0
2015-09-28 00:00:00+00:00,3621.0,13893.0,605.0
2015-09-29 00:00:00+00:00,3612.0,14126.0,597.0
2015-09-30 00:00:00+00:00,3533.0,14388.0,599.0
2015-10-01 00:00:00+00:00,3474.0,14570.0,602.0
2015-10-02 00:00:00+00:00,3509.0,14629.0,593.0
2015-10-05 00:00:00+00:00,3431.0,14941.0,595.0
2015-10-06 00:00:00+00:00,3505.0,14794.0,588.0
2015-10-07 00:00:00+00:00,3499.0,14807.0,588.0
2015-10-08 00:00:00+00:00,3342.0,15213.0,601.0
2015-10-09 00:00:00+00:00,3408.0,14941.0,600.0
2015-10-12 00:00:00+00:00,3406.0,15017.0,597.0
2015-10-13 00:00:00+00:00,3495.0,14879.0,588.0
2015-10-14 00:00:00+00:00,3466.0,15035.0,586.0
2015-10-15 00:00:00+00:00,3714.0,14557.0,567.0
2015-10-16 00:00:00+00:00,3758.0,14531.0,561.0
2015-10-19 00:00:00+00:00,3707.0,14631.0,565.0
2015-10-20 00:00:00+00:00,3767.0,14214.0,573.0
2015-10-21 00:00:00+00:00,3778.0,14110.0,576.0
2015-10-22 00:00:00+00:00,3832.0,14005.0,572.0
2015-10-23 00:00:00+00:00,3897.0,14199.0,555.0
2015-10-26 00:00:00+00:00,3800.0,14732.0,549.0
2015-10-27 00:00:00+00:00,3784.0,14766.0,550.0
2015-10-28 00:00:00+00:00,3777.0,14531.0,560.0
2015-10-29 00:00:00+00:00,3814.0,14426.0,559.0
2015-10-30 00:00:00+00:00,3716.0,14618.0,566.0
2015-11-02 00:00:00+00:00,3769.0,14519.0,562.0
2015-11-03 00:00:00+00:00,3737.0,14510.0,567.0
2015-11-04 00:00:00+00:00,3647.0,14785.0,571.0
2015-11-05 00:00:00+00:00,3658.0,14829.0,567.0
2015-11-06 00:00:00+00:00,3652.0,14858.0,567.0
2015-11-09 00:00:00+00:00,3725.0,14655.0,564.0
2015-11-10 00:00:00+00:00,3629.0,15127.0,561.0
2015-11-11 00:00:00+00:00,3631.0,15241.0,557.0
2015-11-12 00:00:00+00:00,3707.0,15068.0,552.0
2015-11-13 00:00:00+00:00,3770.0,15019.0,545.0
2015-11-16 00:00:00+00:00,3634.0,15306.0,555.0
2015-11-17 00:00:00+00:00,3505.0,15588.0,565.0
2015-11-18 00:00:00+00:00,3495.0,15523.0,569.0
2015-11-19 00:00:00+00:00,3515.0,15365.0,572.0
2015-11-20 00:00:00+00:00,3480.0,15599.0,569.0
2015-11-23 00:00:00+00:00,3442.0,15782.0,569.0
2015-11-24 00:00:00+00:00,3473.0,15557.0,572.0
2015-11-25 00:00:00+00:00,3449.0,15667.0,572.0
2015-11-27 00:00:00+00:00,3426.0,15755.0,572.0
2015-11-30 00:00:00+00:00,3458.0,15570.0,574.0
2015-12-01 00:00:00+00:00,3449.0,15913.0,563.0
2015-12-02 00:00:00+00:00,3368.0,16129.0,569.0
2015-12-03 00:00:00+00:00,3381.0,16071.0,569.0
2015-12-04 00:00:00+00:00,3367.0,15993.0,574.0
2015-12-07 00:00:00+00:00,3454.0,15807.0,567.0
2015-12-08 00:00:00+00:00,3422.0,15873.0,570.0
2015-12-09 00:00:00+00:00,3431.0,15918.0,567.0
2015-12-10 00:00:00+00:00,3457.0,15797.0,567.0
2015-12-11 00:00:00+00:00,3488.0,15823.0,561.0
2015-12-14 00:00:00+00:00,3460.0,16031.0,558.0
2015-12-15 00:00:00+00:00,3473.0,16099.0,554.0
2015-12-16 00:00:00+00:00,3427.0,16303.0,554.0
2015-12-17 00:00:00+00:00,3392.0,16469.0,554.0
2015-12-18 00:00:00+00:00,3431.0,16492.0,547.0
2015-12-21 00:00:00+00:00,3486.0,0.0,543.0
2015-12-22 00:00:00+00:00,3494.0,-16393.0,541.0
2015-12-23 00:00:00+00:00,3440.0,-16163.0,541.0
2015-12-24 00:00:00+00:00,3459.0,0.0,542.0
2015-12-28 00:00:00+00:00,3483.0,-16525.0,534.0
2015-12-29 00:00:00+00:00,3442.0,-16285.0,528.0
2015-12-30 00:00:00+00:00,3496.0,0.0,528.0
2015-12-31 00:00:00+00:00,3523.0,-16566.0,530.0
2016-01-04 00:00:00+00:00,3586.0,-16167.0,531.0
2016-01-05 00:00:00+00:00,3669.0,-16611.0,532.0
2016-01-06 00:00:00+00:00,3484.0,-17587.0,551.0
2016-01-07 00:00:00+00:00,3570.0,-18315.0,563.0
2016-01-08 00:00:00+00:00,3611.0,0.0,562.0
2016-01-11 00:00:00+00:00,3536.0,-17858.0,567.0
2016-01-12 00:00:00+00:00,3500.0,-17631.0,562.0
2016-01-13 00:00:00+00:00,3708.0,0.0,563.0
2016-01-14 00:00:00+00:00,3718.0,-17312.0,556.0
2016-01-15 00:00:00+00:00,3782.0,0.0,566.0
2016-01-19 00:00:00+00:00,3702.0,-17886.0,568.0
2016-01-20 00:00:00+00:00,3695.0,-17764.0,570.0
2016-01-21 00:00:00+00:00,3847.0,-17656.0,557.0
2016-01-22 00:00:00+00:00,3853.0,-16528.0,535.0
2016-01-25 00:00:00+00:00,3896.0,0.0,542.0
2016-01-26 00:00:00+00:00,3929.0,0.0,539.0
2016-01-27 00:00:00+00:00,4096.0,0.0,533.0
2016-01-28 00:00:00+00:00,4060.0,0.0,524.0
2016-01-29 00:00:00+00:00,4158.0,0.0,514.0
2016-02-01 00:00:00+00:00,4108.0,0.0,514.0
2016-02-02 00:00:00+00:00,4210.0,0.0,503.0
2016-02-03 00:00:00+00:00,4163.0,0.0,519.0
2016-02-04 00:00:00+00:00,0.0,0.0,526.0
2016-02-05 00:00:00+00:00,-4458.0,0.0,539.0
2016-02-08 00:00:00+00:00,-4414.0,0.0,538.0
2016-02-09 00:00:00+00:00,-4213.0,0.0,535.0
2016-02-10 00:00:00+00:00,0.0,0.0,527.0
2016-02-11 00:00:00+00:00,-4176.0,0.0,527.0
2016-02-12 00:00:00+00:00,-4105.0,0.0,525.0
2016-02-16 00:00:00+00:00,-4020.0,0.0,518.0
2016-02-17 00:00:00+00:00,0.0,0.0,498.0
2016-02-18 00:00:00+00:00,0.0,15643.0,503.0
2016-02-19 00:00:00+00:00,0.0,15717.0,501.0
2016-02-22 00:00:00+00:00,0.0,15667.0,500.0
2016-02-23 00:00:00+00:00,0.0,15828.0,501.0
2016-02-24 00:00:00+00:00,0.0,15701.0,502.0
2016-02-25 00:00:00+00:00,0.0,15676.0,500.0
2016-02-26 00:00:00+00:00,3724.0,15652.0,500.0
2016-02-29 00:00:00+00:00,3746.0,15545.0,501.0
2016-03-01 00:00:00+00:00,3705.0,15560.0,506.0
2016-03-02 00:00:00+00:00,3725.0,15502.0,505.0
2016-03-03 00:00:00+00:00,3715.0,15396.0,510.0
2016-03-04 00:00:00+00:00,3641.0,15423.0,520.0
2016-03-07 00:00:00+00:00,3753.0,15111.0,515.0
2016-03-08 00:00:00+00:00,3722.0,15226.0,516.0
2016-03-09 00:00:00+00:00,3698.0,15392.0,513.0
2016-03-10 00:00:00+00:00,3728.0,15409.0,509.0
2016-03-11 00:00:00+00:00,3758.0,15415.0,504.0
2016-03-14 00:00:00+00:00,3755.0,15439.0,504.0
2016-03-15 00:00:00+00:00,3784.0,15207.0,508.0
2016-03-16 00:00:00+00:00,3775.0,15204.0,509.0
2016-03-17 00:00:00+00:00,3767.0,15250.0,509.0
2016-03-18 00:00:00+00:00,3733.0,15309.0,511.0
2016-03-21 00:00:00+00:00,3742.0,15338.0,509.0
2016-03-22 00:00:00+00:00,3780.0,15189.0,509.0
2016-03-23 00:00:00+00:00,3775.0,15215.0,509.0
2016-03-24 00:00:00+00:00,3796.0,15177.0,507.0
2016-03-28 00:00:00+00:00,3716.0,15358.0,512.0
2016-03-29 00:00:00+00:00,3694.0,15342.0,516.0
2016-03-30 00:00:00+00:00,3772.0,15111.0,513.0
2016-03-31 00:00:00+00:00,3755.0,15128.0,515.0
2016-04-01 00:00:00+00:00,3692.0,15239.0,520.0
2016-04-04 00:00:00+00:00,3729.0,15040.0,522.0
2016-04-05 00:00:00+00:00,3688.0,15138.0,524.0
2016-04-06 00:00:00+00:00,3716.0,15081.0,522.0
2016-04-07 00:00:00+00:00,3689.0,15249.0,520.0
2016-04-08 00:00:00+00:00,3704.0,15199.0,520.0
2016-04-11 00:00:00+00:00,3730.0,15090.0,520.0
2016-04-12 00:00:00+00:00,3657.0,15215.0,526.0
2016-04-13 00:00:00+00:00,3629.0,15253.0,529.0
2016-04-14 00:00:00+00:00,3615.0,15294.0,529.0
2016-04-15 00:00:00+00:00,3576.0,15593.0,525.0
2016-04-18 00:00:00+00:00,3631.0,15728.0,513.0
2016-04-19 00:00:00+00:00,3961.0,15011.0,495.0
2016-04-20 00:00:00+00:00,3895.0,15112.0,500.0
2016-04-21 00:00:00+00:00,3941.0,15171.0,493.0
2016-04-22 00:00:00+00:00,3843.0,14978.0,512.0
2016-04-25 00:00:00+00:00,3907.0,14944.0,505.0
2016-04-26 00:00:00+00:00,3903.0,14848.0,509.0
2016-04-27 00:00:00+00:00,3856.0,15412.0,497.0
2016-04-28 00:00:00+00:00,3810.0,15581.0,497.0
2016-04-29 00:00:00+00:00,0.0,15699.0,494.0
2016-05-02 00:00:00+00:00,-3691.0,15747.0,491.0
2016-05-03 00:00:00+00:00,-3782.0,15620.0,500.0
2016-05-04 00:00:00+00:00,-3817.0,15798.0,498.0
2016-05-05 00:00:00+00:00,-3903.0,15967.0,497.0
2016-05-06 00:00:00+00:00,-3829.0,16013.0,489.0
2016-05-09 00:00:00+00:00,-3850.0,16035.0,488.0
2016-05-10 00:00:00+00:00,-3747.0,15902.0,481.0
2016-05-11 00:00:00+00:00,-3880.0,16113.0,488.0
2016-05-12 00:00:00+00:00,-3979.0,16494.0,489.0
2016-05-13 00:00:00+00:00,0.0,16442.0,490.0
2016-05-16 00:00:00+00:00,-3974.0,16088.0,493.0
2016-05-17 00:00:00+00:00,-3974.0,16086.0,498.0
2016-05-18 00:00:00+00:00,-3882.0,15855.0,497.0
2016-05-19 00:00:00+00:00,-3920.0,15904.0,501.0
2016-05-20 00:00:00+00:00,-3784.0,15688.0,493.0
2016-05-23 00:00:00+00:00,0.0,15379.0,493.0
2016-05-24 00:00:00+00:00,3592.0,15337.0,488.0
2016-05-25 00:00:00+00:00,3566.0,15315.0,492.0
2016-05-26 00:00:00+00:00,3513.0,15358.0,498.0
2016-05-27 00:00:00+00:00,3515.0,15449.0,495.0
2016-05-31 00:00:00+00:00,3531.0,15485.0,492.0
2016-06-01 00:00:00+00:00,3537.0,15566.0,489.0
2016-06-02 00:00:00+00:00,3528.0,15604.0,489.0
2016-06-03 00:00:00+00:00,3556.0,15440.0,490.0
2016-06-06 00:00:00+00:00,3528.0,15385.0,496.0
2016-06-07 00:00:00+00:00,3553.0,15301.0,495.0
2016-06-08 00:00:00+00:00,3621.0,15289.0,486.0
2016-06-09 00:00:00+00:00,3649.0,15178.0,486.0
2016-06-10 00:00:00+00:00,3710.0,15022.0,483.0
2016-06-13 00:00:00+00:00,0.0,15171.0,481.0
2016-06-14 00:00:00+00:00,-3679.0,15155.0,481.0
2016-06-15 00:00:00+00:00,-3665.0,15184.0,480.0
2016-06-16 00:00:00+00:00,-3597.0,15020.0,483.0
2016-06-17 00:00:00+00:00,-3588.0,15171.0,489.0
2016-06-20 00:00:00+00:00,-3622.0,15245.0,489.0
2016-06-21 00:00:00+00:00,-3785.0,15327.0,494.0
2016-06-22 00:00:00+00:00,-3838.0,15431.0,495.0
2016-06-23 00:00:00+00:00,-3761.0,15311.0,491.0
2016-06-24 00:00:00+00:00,-3858.0,15590.0,505.0
2016-06-27 00:00:00+00:00,0.0,15872.0,512.0
2016-06-28 00:00:00+00:00,-3938.0,15786.0,508.0
2016-06-29 00:00:00+00:00,-3775.0,15543.0,502.0
2016-06-30 00:00:00+00:00,0.0,15446.0,499.0
2016-07-01 00:00:00+00:00,-3597.0,15465.0,496.0
2016-07-05 00:00:00+00:00,-3514.0,15461.0,495.0
2016-07-06 00:00:00+00:00,-3691.0,15599.0,500.0
2016-07-07 00:00:00+00:00,-3666.0,15510.0,501.0
2016-07-08 00:00:00+00:00,-3594.0,15400.0,494.0
2016-07-11 00:00:00+00:00,-3735.0,15563.0,494.0
2016-07-12 00:00:00+00:00,-3683.0,15485.0,490.0
2016-07-13 00:00:00+00:00,-3646.0,15492.0,490.0
2016-07-14 00:00:00+00:00,-3598.0,15236.0,489.0
2016-07-15 00:00:00+00:00,-3578.0,15210.0,488.0
2016-07-18 00:00:00+00:00,-3593.0,15179.0,483.0
2016-07-19 00:00:00+00:00,-4324.0,15859.0,503.0
2016-07-20 00:00:00+00:00,0.0,15750.0,497.0
2016-07-21 00:00:00+00:00,-4280.0,15784.0,497.0
2016-07-22 00:00:00+00:00,-4280.0,15902.0,494.0
2016-07-25 00:00:00+00:00,-4140.0,15914.0,490.0
2016-07-26 00:00:00+00:00,-3902.0,15748.0,482.0
2016-07-27 00:00:00+00:00,0.0,15092.0,490.0
2016-07-28 00:00:00+00:00,-4000.0,14984.0,491.0
2016-07-29 00:00:00+00:00,-4060.0,15171.0,481.0
2016-08-01 00:00:00+00:00,-3911.0,14852.0,477.0
2016-08-02 00:00:00+00:00,0.0,15029.0,477.0
2016-08-03 00:00:00+00:00,3969.0,14916.0,478.0
2016-08-04 00:00:00+00:00,3966.0,14863.0,480.0
2016-08-05 00:00:00+00:00,3905.0,14969.0,484.0
2016-08-08 00:00:00+00:00,3968.0,14786.0,482.0
2016-08-09 00:00:00+00:00,4009.0,14704.0,480.0
2016-08-10 00:00:00+00:00,4001.0,14777.0,479.0
2016-08-11 00:00:00+00:00,3946.0,14887.0,482.0
2016-08-12 00:00:00+00:00,3927.0,14890.0,484.0
2016-08-15 00:00:00+00:00,3977.0,14702.0,484.0
2016-08-16 00:00:00+00:00,3972.0,14668.0,486.0
2016-08-17 00:00:00+00:00,3941.0,14764.0,486.0
2016-08-18 00:00:00+00:00,3941.0,14751.0,487.0
2016-08-19 00:00:00+00:00,3948.0,14698.0,488.0
2016-08-22 00:00:00+00:00,3949.0,14723.0,487.0
2016-08-23 00:00:00+00:00,3935.0,14726.0,488.0
2016-08-24 00:00:00+00:00,3941.0,14746.0,487.0
2016-08-25 00:00:00+00:00,3878.0,14897.0,490.0
2016-08-26 00:00:00+00:00,3864.0,14970.0,489.0
2016-08-29 00:00:00+00:00,3874.0,14984.0,488.0
2016-08-30 00:00:00+00:00,3855.0,15049.0,488.0
2016-08-31 00:00:00+00:00,3853.0,15026.0,489.0
2016-09-01 00:00:00+00:00,3865.0,14974.0,489.0
2016-09-02 00:00:00+00:00,3882.0,14899.0,490.0
2016-09-06 00:00:00+00:00,3825.0,15095.0,490.0
2016-09-07 00:00:00+00:00,3858.0,14989.0,490.0
2016-09-08 00:00:00+00:00,3803.0,15250.0,488.0
2016-09-09 00:00:00+00:00,3830.0,15216.0,486.0
2016-09-12 00:00:00+00:00,3807.0,15186.0,490.0
2016-09-13 00:00:00+00:00,3900.0,14742.0,493.0
2016-09-14 00:00:00+00:00,3926.0,14469.0,499.0
2016-09-15 00:00:00+00:00,3977.0,14224.0,501.0
2016-09-16 00:00:00+00:00,3908.0,14365.0,505.0
2016-09-19 00:00:00+00:00,3925.0,14389.0,502.0
2016-09-20 00:00:00+00:00,3929.0,14435.0,500.0
2016-09-21 00:00:00+00:00,4031.0,14301.0,492.0
2016-09-22 00:00:00+00:00,4035.0,14326.0,491.0
2016-09-23 00:00:00+00:00,4009.0,14492.0,488.0
2016-09-26 00:00:00+00:00,4029.0,14330.0,492.0
2016-09-27 00:00:00+00:00,3976.0,14493.0,493.0
2016-09-28 00:00:00+00:00,3973.0,14431.0,495.0
2016-09-29 00:00:00+00:00,3963.0,14502.0,494.0
2016-09-30 00:00:00+00:00,3926.0,14534.0,497.0
2016-10-03 00:00:00+00:00,3809.0,14752.0,506.0
2016-10-04 00:00:00+00:00,3828.0,14721.0,504.0
2016-10-05 00:00:00+00:00,3734.0,14905.0,511.0
2016-10-06 00:00:00+00:00,3772.0,14778.0,510.0
2016-10-07 00:00:00+00:00,3777.0,14740.0,510.0
2016-10-10 00:00:00+00:00,3854.0,14571.0,506.0
2016-10-11 00:00:00+00:00,3922.0,14403.0,503.0
2016-10-12 00:00:00+00:00,3967.0,14285.0,502.0
2016-10-13 00:00:00+00:00,3931.0,14301.0,506.0
2016-10-14 00:00:00+00:00,3906.0,14309.0,509.0
2016-10-17 00:00:00+00:00,3952.0,14246.0,505.0
2016-10-18 00:00:00+00:00,3551.0,15248.0,530.0
2016-10-19 00:00:00+00:00,3497.0,15451.0,531.0
2016-10-20 00:00:00+00:00,3462.0,15490.0,535.0
2016-10-21 00:00:00+00:00,3386.0,15720.0,540.0
2016-10-24 00:00:00+00:00,3418.0,15709.0,535.0
2016-10-25 00:00:00+00:00,3431.0,15587.0,537.0
2016-10-26 00:00:00+00:00,3385.0,15789.0,537.0
2016-10-27 00:00:00+00:00,3378.0,15846.0,537.0
2016-10-28 00:00:00+00:00,3369.0,15921.0,536.0
2016-10-31 00:00:00+00:00,3382.0,15793.0,538.0
2016-11-01 00:00:00+00:00,3389.0,15913.0,533.0
2016-11-02 00:00:00+00:00,3386.0,15762.0,538.0
2016-11-03 00:00:00+00:00,3368.0,15821.0,539.0
2016-11-04 00:00:00+00:00,3359.0,15911.0,538.0
2016-11-07 00:00:00+00:00,3359.0,16010.0,534.0
2016-11-08 00:00:00+00:00,3381.0,15991.0,531.0
2016-11-09 00:00:00+00:00,3411.0,15881.0,530.0
2016-11-10 00:00:00+00:00,3476.0,15725.0,526.0
2016-11-11 00:00:00+00:00,3483.0,15576.0,530.0
2016-11-14 00:00:00+00:00,3454.0,15652.0,532.0
2016-11-15 00:00:00+00:00,3500.0,15682.0,524.0
2016-11-16 00:00:00+00:00,3508.0,15519.0,528.0
2016-11-17 00:00:00+00:00,3521.0,15562.0,525.0
2016-11-18 00:00:00+00:00,3502.0,15488.0,530.0
2016-11-21 00:00:00+00:00,3478.0,15513.0,533.0
2016-11-22 00:00:00+00:00,3476.0,15503.0,534.0
2016-11-23 00:00:00+00:00,3466.0,15492.0,536.0
2016-11-25 00:00:00+00:00,3478.0,15432.0,536.0
2016-11-28 00:00:00+00:00,3495.0,15476.0,532.0
2016-11-29 00:00:00+00:00,3487.0,15529.0,531.0
2016-11-30 00:00:00+00:00,3468.0,15508.0,535.0
2016-12-01 00:00:00+00:00,3437.0,15545.0,538.0
2016-12-02 00:00:00+00:00,3377.0,15682.0,543.0
2016-12-05 00:00:00+00:00,3418.0,15770.0,534.0
2016-12-06 00:00:00+00:00,3323.0,15903.0,545.0
2016-12-07 00:00:00+00:00,3336.0,15918.0,542.0
2016-12-08 00:00:00+00:00,3394.0,15760.0,538.0
2016-12-09 00:00:00+00:00,3438.0,15662.0,535.0
2016-12-12 00:00:00+00:00,3432.0,15719.0,534.0
2016-12-13 00:00:00+00:00,3444.0,15632.0,535.0
2016-12-14 00:00:00+00:00,3451.0,15624.0,534.0
2016-12-15 00:00:00+00:00,3430.0,15638.0,537.0
2016-12-16 00:00:00+00:00,3435.0,15545.0,539.0
2016-12-19 00:00:00+00:00,3424.0,15559.0,540.0
2016-12-20 00:00:00+00:00,3437.0,15532.0,539.0
2016-12-21 00:00:00+00:00,3410.0,15568.0,542.0
2016-12-22 00:00:00+00:00,3414.0,15577.0,541.0
2016-12-23 00:00:00+00:00,3415.0,15548.0,542.0
2016-12-27 00:00:00+00:00,3375.0,15606.0,547.0
2016-12-28 00:00:00+00:00,3405.0,15507.0,546.0
2016-12-29 00:00:00+00:00,3411.0,15472.0,546.0
2016-12-30 00:00:00+00:00,3414.0,15417.0,547.0
2017-01-03 00:00:00+00:00,3372.0,15635.0,546.0
2017-01-04 00:00:00+00:00,3338.0,15730.0,549.0
2017-01-05 00:00:00+00:00,3313.0,15821.0,550.0
2017-01-06 00:00:00+00:00,3355.0,15755.0,545.0
2017-01-09 00:00:00+00:00,3368.0,15658.0,546.0
2017-01-10 00:00:00+00:00,3385.0,15594.0,546.0
2017-01-11 00:00:00+00:00,3385.0,15582.0,546.0
2017-01-12 00:00:00+00:00,3401.0,15563.0,544.0
2017-01-13 00:00:00+00:00,3324.0,15773.0,550.0
2017-01-17 00:00:00+00:00,3342.0,15636.0,552.0
2017-01-18 00:00:00+00:00,3338.0,15661.0,551.0
2017-01-19 00:00:00+00:00,3248.0,15855.0,560.0
2017-01-20 00:00:00+00:00,3251.0,15862.0,559.0
2017-01-23 00:00:00+00:00,3290.0,15903.0,551.0
2017-01-24 00:00:00+00:00,3252.0,16047.0,553.0
2017-01-25 00:00:00+00:00,0.0,15930.0,550.0
2017-01-26 00:00:00+00:00,3302.0,15901.0,551.0
2017-01-27 00:00:00+00:00,3238.0,15977.0,560.0
2017-01-30 00:00:00+00:00,3226.0,15822.0,567.0
2017-01-31 00:00:00+00:00,3224.0,15791.0,569.0
2017-02-01 00:00:00+00:00,3287.0,15181.0,581.0
2017-02-02 00:00:00+00:00,3313.0,15160.0,577.0
2017-02-03 00:00:00+00:00,3306.0,15173.0,578.0
2017-02-06 00:00:00+00:00,3304.0,15104.0,581.0
2017-02-07 00:00:00+00:00,3276.0,15151.0,584.0
2017-02-08 00:00:00+00:00,3271.0,15147.0,585.0
2017-02-09 00:00:00+00:00,3289.0,15061.0,585.0
2017-02-10 00:00:00+00:00,3282.0,15133.0,584.0
2017-02-13 00:00:00+00:00,3324.0,15023.0,581.0
2017-02-14 00:00:00+00:00,3378.0,14819.0,579.0
2017-02-15 00:00:00+00:00,3357.0,14826.0,583.0
2017-02-16 00:00:00+00:00,3367.0,14860.0,580.0
2017-02-17 00:00:00+00:00,3372.0,14863.0,579.0
2017-02-21 00:00:00+00:00,3379.0,14827.0,579.0
2017-02-22 00:00:00+00:00,3361.0,14835.0,582.0
2017-02-23 00:00:00+00:00,3374.0,14843.0,579.0
2017-02-24 00:00:00+00:00,3364.0,14834.0,581.0
2017-02-27 00:00:00+00:00,3365.0,14824.0,581.0
2017-02-28 00:00:00+00:00,3377.0,14739.0,583.0
2017-03-01 00:00:00+00:00,3408.0,14630.0,582.0
2017-03-02 00:00:00+00:00,3446.0,0.0,578.0
2017-03-03 00:00:00+00:00,3448.0,0.0,578.0
2017-03-06 00:00:00+00:00,3401.0,0.0,583.0
2017-03-07 00:00:00+00:00,3415.0,0.0,580.0
2017-03-08 00:00:00+00:00,3438.0,0.0,577.0
2017-03-09 00:00:00+00:00,3439.0,0.0,576.0
2017-03-10 00:00:00+00:00,3439.0,0.0,574.0
2017-03-13 00:00:00+00:00,3400.0,0.0,0.0
2017-03-14 00:00:00+00:00,3406.0,0.0,576.0
2017-03-15 00:00:00+00:00,3375.0,0.0,578.0
2017-03-16 00:00:00+00:00,3391.0,0.0,576.0
2017-03-17 00:00:00+00:00,3384.0,0.0,576.0
2017-03-20 00:00:00+00:00,3368.0,0.0,579.0
2017-03-21 00:00:00+00:00,3398.0,0.0,582.0
2017-03-22 00:00:00+00:00,3393.0,0.0,583.0
2017-03-23 00:00:00+00:00,3389.0,0.0,588.0
2017-03-24 00:00:00+00:00,3382.0,0.0,0.0
2017-03-27 00:00:00+00:00,3350.0,0.0,-590.0
2017-03-28 00:00:00+00:00,3331.0,0.0,-590.0
2017-03-29 00:00:00+00:00,3297.0,0.0,-581.0
2017-03-30 00:00:00+00:00,3273.0,0.0,-583.0
2017-03-31 00:00:00+00:00,3280.0,0.0,-585.0
2017-04-03 00:00:00+00:00,3281.0,0.0,-575.0
2017-04-04 00:00:00+00:00,3307.0,0.0,-577.0
2017-04-05 00:00:00+00:00,3341.0,0.0,-577.0
2017-04-06 00:00:00+00:00,3343.0,0.0,-581.0
2017-04-07 00:00:00+00:00,3358.0,0.0,-583.0
2017-04-10 00:00:00+00:00,3346.0,0.0,-583.0
2017-04-11 00:00:00+00:00,3340.0,0.0,-586.0
2017-04-12 00:00:00+00:00,3347.0,0.0,-585.0
2017-04-13 00:00:00+00:00,3362.0,0.0,-584.0
2017-04-17 00:00:00+00:00,3278.0,-14339.0,-577.0
2017-04-18 00:00:00+00:00,3341.0,-14271.0,-573.0
2017-04-19 00:00:00+00:00,3401.0,-14213.0,-568.0
2017-04-20 00:00:00+00:00,3359.0,-14008.0,-564.0
2017-04-21 00:00:00+00:00,3332.0,-14077.0,-564.0
2017-04-24 00:00:00+00:00,3281.0,-13822.0,-548.0
2017-04-25 00:00:00+00:00,3143.0,0.0,0.0
2017-04-26 00:00:00+00:00,3170.0,0.0,546.0
2017-04-27 00:00:00+00:00,3132.0,0.0,548.0
2017-04-28 00:00:00+00:00,3183.0,0.0,534.0
2017-05-01 00:00:00+00:00,3147.0,0.0,535.0
2017-05-02 00:00:00+00:00,3137.0,13974.0,535.0
2017-05-03 00:00:00+00:00,3156.0,14044.0,529.0
2017-05-04 00:00:00+00:00,3135.0,14152.0,529.0
2017-05-05 00:00:00+00:00,3156.0,13956.0,533.0
2017-05-08 00:00:00+00:00,3196.0,13738.0,534.0
2017-05-09 00:00:00+00:00,3185.0,13701.0,538.0
2017-05-10 00:00:00+00:00,3139.0,13810.0,541.0
2017-05-11 00:00:00+00:00,3173.0,13690.0,540.0
2017-05-12 00:00:00+00:00,3160.0,13637.0,545.0
2017-05-15 00:00:00+00:00,3173.0,13662.0,541.0
2017-05-16 00:00:00+00:00,3186.0,13687.0,538.0
2017-05-17 00:00:00+00:00,3208.0,13703.0,534.0
2017-05-18 00:00:00+00:00,3202.0,13691.0,535.0
2017-05-19 00:00:00+00:00,3192.0,13717.0,536.0
2017-05-22 00:00:00+00:00,3205.0,13704.0,534.0
2017-05-23 00:00:00+00:00,3201.0,13772.0,532.0
2017-05-24 00:00:00+00:00,3207.0,13823.0,529.0
2017-05-25 00:00:00+00:00,3157.0,14015.0,531.0
2017-05-26 00:00:00+00:00,3166.0,14023.0,529.0
2017-05-30 00:00:00+00:00,3161.0,14063.0,528.0
2017-05-31 00:00:00+00:00,3144.0,14061.0,531.0
2017-06-01 00:00:00+00:00,3150.0,14043.0,531.0
2017-06-02 00:00:00+00:00,3147.0,14010.0,532.0
2017-06-05 00:00:00+00:00,3147.0,14138.0,528.0
2017-06-06 00:00:00+00:00,3142.0,14075.0,531.0
2017-06-07 00:00:00+00:00,3147.0,14053.0,531.0
2017-06-08 00:00:00+00:00,3144.0,14095.0,530.0
2017-06-09 00:00:00+00:00,3168.0,14076.0,527.0
2017-06-12 00:00:00+00:00,3225.0,14070.0,518.0
2017-06-13 00:00:00+00:00,3228.0,14087.0,517.0
2017-06-14 00:00:00+00:00,3221.0,14150.0,515.0
2017-06-15 00:00:00+00:00,3212.0,14151.0,517.0
2017-06-16 00:00:00+00:00,3185.0,14291.0,516.0
2017-06-19 00:00:00+00:00,3221.0,0.0,515.0
2017-06-20 00:00:00+00:00,3231.0,-14213.0,516.0
2017-06-21 00:00:00+00:00,3191.0,-14210.0,515.0
2017-06-22 00:00:00+00:00,3192.0,-14225.0,516.0
2017-06-23 00:00:00+00:00,3155.0,-14278.0,516.0
2017-06-26 00:00:00+00:00,3150.0,-14256.0,521.0
2017-06-27 00:00:00+00:00,3227.0,-14209.0,525.0
2017-06-28 00:00:00+00:00,3194.0,-14076.0,521.0
2017-06-29 00:00:00+00:00,3230.0,-14138.0,528.0
2017-06-30 00:00:00+00:00,3227.0,-14026.0,530.0
2017-07-03 00:00:00+00:00,3267.0,-13940.0,531.0
2017-07-05 00:00:00+00:00,3256.0,-13977.0,527.0
2017-07-06 00:00:00+00:00,3281.0,-14085.0,529.0
2017-07-07 00:00:00+00:00,3227.0,-14082.0,527.0
2017-07-10 00:00:00+00:00,3197.0,-14097.0,525.0
2017-07-11 00:00:00+00:00,3172.0,-14094.0,526.0
2017-07-12 00:00:00+00:00,3127.0,-14270.0,526.0
2017-07-13 00:00:00+00:00,3123.0,-14010.0,521.0
2017-07-14 00:00:00+00:00,3086.0,0.0,519.0
2017-07-17 00:00:00+00:00,3075.0,13907.0,521.0
2017-07-18 00:00:00+00:00,2843.0,14571.0,540.0
2017-07-19 00:00:00+00:00,2852.0,14545.0,540.0
2017-07-20 00:00:00+00:00,2848.0,14569.0,540.0
2017-07-21 00:00:00+00:00,2802.0,14728.0,543.0
2017-07-24 00:00:00+00:00,2827.0,14631.0,541.0
2017-07-25 00:00:00+00:00,2812.0,14418.0,553.0
2017-07-26 00:00:00+00:00,2792.0,14413.0,557.0
2017-07-27 00:00:00+00:00,2825.0,14361.0,552.0
2017-07-28 00:00:00+00:00,2812.0,14503.0,549.0
2017-07-31 00:00:00+00:00,2821.0,14434.0,550.0
2017-08-01 00:00:00+00:00,2826.0,14360.0,552.0
2017-08-02 00:00:00+00:00,2883.0,13893.0,560.0
2017-08-03 00:00:00+00:00,2883.0,13914.0,559.0
2017-08-04 00:00:00+00:00,2881.0,13914.0,559.0
2017-08-07 00:00:00+00:00,2886.0,13806.0,563.0
2017-08-08 00:00:00+00:00,2923.0,13645.0,562.0
2017-08-09 00:00:00+00:00,2954.0,13506.0,562.0
2017-08-10 00:00:00+00:00,2981.0,13546.0,555.0
2017-08-11 00:00:00+00:00,2977.0,13517.0,558.0
2017-08-14 00:00:00+00:00,3005.0,13413.0,557.0
2017-08-15 00:00:00+00:00,3045.0,13249.0,556.0
2017-08-16 00:00:00+00:00,3029.0,13347.0,555.0
2017-08-17 00:00:00+00:00,3039.0,13339.0,554.0
2017-08-18 00:00:00+00:00,3030.0,13370.0,554.0
2017-08-21 00:00:00+00:00,3021.0,13372.0,555.0
2017-08-22 00:00:00+00:00,3027.0,13384.0,554.0
2017-08-23 00:00:00+00:00,3034.0,13376.0,553.0
2017-08-24 00:00:00+00:00,3034.0,13364.0,553.0
2017-08-25 00:00:00+00:00,3059.0,13247.0,554.0
2017-08-28 00:00:00+00:00,3052.0,13180.0,558.0
2017-08-29 00:00:00+00:00,3049.0,13182.0,558.0
2017-08-30 00:00:00+00:00,2992.0,13350.0,562.0
2017-08-31 00:00:00+00:00,3006.0,13362.0,559.0
2017-09-01 00:00:00+00:00,3004.0,13351.0,560.0
2017-09-05 00:00:00+00:00,2985.0,13411.0,561.0
2017-09-06 00:00:00+00:00,2931.0,13538.0,566.0
2017-09-07 00:00:00+00:00,2938.0,13608.0,562.0
2017-09-08 00:00:00+00:00,2941.0,13645.0,560.0
2017-09-11 00:00:00+00:00,2903.0,13631.0,567.0
2017-09-12 00:00:00+00:00,2867.0,13767.0,569.0
2017-09-13 00:00:00+00:00,2878.0,13814.0,565.0
2017-09-14 00:00:00+00:00,2870.0,13818.0,566.0
2017-09-15 00:00:00+00:00,2878.0,13695.0,570.0
2017-09-18 00:00:00+00:00,2842.0,13796.0,573.0
2017-09-19 00:00:00+00:00,2838.0,13853.0,571.0
2017-09-20 00:00:00+00:00,2834.0,14055.0,564.0
2017-09-21 00:00:00+00:00,2786.0,14307.0,564.0
2017-09-22 00:00:00+00:00,2787.0,14345.0,562.0
2017-09-25 00:00:00+00:00,2862.0,14164.0,555.0
2017-09-26 00:00:00+00:00,2874.0,14045.0,557.0
2017-09-27 00:00:00+00:00,2873.0,14145.0,553.0
2017-09-28 00:00:00+00:00,2886.0,14195.0,549.0
2017-09-29 00:00:00+00:00,2894.0,14208.0,547.0
2017-10-02 00:00:00+00:00,2933.0,14085.0,544.0
2017-10-03 00:00:00+00:00,2918.0,14124.0,546.0
2017-10-04 00:00:00+00:00,2851.0,14294.0,552.0
2017-10-05 00:00:00+00:00,2782.0,14520.0,557.0
2017-10-06 00:00:00+00:00,2756.0,14661.0,557.0
2017-10-09 00:00:00+00:00,2768.0,14589.0,557.0
2017-10-10 00:00:00+00:00,2781.0,14520.0,557.0
2017-10-11 00:00:00+00:00,2802.0,14559.0,552.0
2017-10-12 00:00:00+00:00,2789.0,14609.0,553.0
2017-10-13 00:00:00+00:00,2762.0,14646.0,556.0
2017-10-16 00:00:00+00:00,2752.0,14557.0,562.0
2017-10-17 00:00:00+00:00,2785.0,14446.0,560.0
2017-10-18 00:00:00+00:00,2819.0,14396.0,555.0
2017-10-19 00:00:00+00:00,2793.0,14577.0,553.0
2017-10-20 00:00:00+00:00,2807.0,14555.0,551.0
2017-10-23 00:00:00+00:00,2804.0,14420.0,557.0
2017-10-24 00:00:00+00:00,2778.0,14462.0,561.0
2017-10-25 00:00:00+00:00,2798.0,14463.0,557.0
2017-10-26 00:00:00+00:00,2789.0,14433.0,559.0
2017-10-27 00:00:00+00:00,2825.0,14426.0,553.0
2017-10-30 00:00:00+00:00,2856.0,14176.0,557.0
2017-10-31 00:00:00+00:00,2887.0,13999.0,557.0
2017-11-01 00:00:00+00:00,2868.0,14198.0,553.0
2017-11-02 00:00:00+00:00,2863.0,14161.0,556.0
2017-11-03 00:00:00+00:00,2887.0,13967.0,559.0
2017-11-06 00:00:00+00:00,2890.0,13847.0,563.0
2017-11-07 00:00:00+00:00,2942.0,13753.0,557.0
2017-11-08 00:00:00+00:00,2950.0,13721.0,557.0
2017-11-09 00:00:00+00:00,2966.0,13642.0,557.0
2017-11-10 00:00:00+00:00,2979.0,13614.0,556.0
2017-11-13 00:00:00+00:00,2941.0,13713.0,559.0
2017-11-14 00:00:00+00:00,2921.0,13869.0,557.0
2017-11-15 00:00:00+00:00,2939.0,13883.0,553.0
2017-11-16 00:00:00+00:00,2927.0,13907.0,554.0
2017-11-17 00:00:00+00:00,2932.0,13843.0,556.0
2017-11-20 00:00:00+00:00,2922.0,13870.0,556.0
2017-11-21 00:00:00+00:00,2934.0,13823.0,556.0
2017-11-22 00:00:00+00:00,2944.0,13736.0,558.0
2017-11-24 00:00:00+00:00,2955.0,13742.0,555.0
2017-11-27 00:00:00+00:00,2970.0,13832.0,549.0
2017-11-28 00:00:00+00:00,2917.0,13955.0,554.0
2017-11-29 00:00:00+00:00,2984.0,13772.0,549.0
2017-11-30 00:00:00+00:00,3004.0,13631.0,551.0
2017-12-01 00:00:00+00:00,2996.0,13604.0,554.0
2017-12-04 00:00:00+00:00,3007.0,13551.0,554.0
2017-12-05 00:00:00+00:00,3011.0,13593.0,551.0
2017-12-06 00:00:00+00:00,3009.0,13714.0,547.0
2017-12-07 00:00:00+00:00,3024.0,13751.0,543.0
2017-12-08 00:00:00+00:00,2994.0,13858.0,544.0
2017-12-11 00:00:00+00:00,3043.0,13643.0,544.0
2017-12-12 00:00:00+00:00,3042.0,13679.0,543.0
2017-12-13 00:00:00+00:00,3022.0,13702.0,545.0
2017-12-14 00:00:00+00:00,3012.0,13783.0,544.0
2017-12-15 00:00:00+00:00,3031.0,13769.0,541.0
2017-12-18 00:00:00+00:00,3054.0,13704.0,539.0
2017-12-19 00:00:00+00:00,3074.0,13692.0,536.0
2017-12-20 00:00:00+00:00,3048.0,13722.0,540.0
2017-12-21 00:00:00+00:00,3052.0,13677.0,541.0
2017-12-22 00:00:00+00:00,3035.0,13694.0,543.0
2017-12-26 00:00:00+00:00,3029.0,13863.0,538.0
2017-12-27 00:00:00+00:00,3039.0,13791.0,539.0
2017-12-28 00:00:00+00:00,2972.0,13919.0,546.0
2017-12-29 00:00:00+00:00,2968.0,13995.0,544.0
2018-01-02 00:00:00+00:00,2912.0,14129.0,549.0
2018-01-03 00:00:00+00:00,2889.0,14301.0,547.0
2018-01-04 00:00:00+00:00,2892.0,14288.0,547.0
2018-01-05 00:00:00+00:00,2876.0,14349.0,548.0
2018-01-08 00:00:00+00:00,0.0,14451.0,547.0
2018-01-09 00:00:00+00:00,2894.0,14448.0,547.0
2018-01-10 00:00:00+00:00,2862.0,14508.0,551.0
2018-01-11 00:00:00+00:00,2828.0,14573.0,555.0
2018-01-12 00:00:00+00:00,2818.0,14635.0,555.0
2018-01-16 00:00:00+00:00,2810.0,14689.0,555.0
2018-01-17 00:00:00+00:00,2869.0,14486.0,551.0
2018-01-18 00:00:00+00:00,2844.0,14531.0,554.0
2018-01-19 00:00:00+00:00,2845.0,14610.0,551.0
2018-01-22 00:00:00+00:00,2793.0,14928.0,549.0
2018-01-23 00:00:00+00:00,2634.0,15482.0,563.0
2018-01-24 00:00:00+00:00,2543.0,15854.0,570.0
2018-01-25 00:00:00+00:00,2479.0,16247.0,571.0
2018-01-26 00:00:00+00:00,2456.0,16346.0,573.0
2018-01-29 00:00:00+00:00,2382.0,16777.0,576.0
2018-01-30 00:00:00+00:00,2402.0,16672.0,575.0
2018-01-31 00:00:00+00:00,2459.0,16502.0,568.0
2018-02-01 00:00:00+00:00,2491.0,16362.0,565.0
2018-02-02 00:00:00+00:00,2401.0,16635.0,577.0
2018-02-05 00:00:00+00:00,2421.0,16353.0,583.0
2018-02-06 00:00:00+00:00,2402.0,16274.0,590.0
2018-02-07 00:00:00+00:00,2368.0,16323.0,597.0
2018-02-08 00:00:00+00:00,2398.0,16074.0,599.0
2018-02-09 00:00:00+00:00,2441.0,16124.0,586.0
2018-02-12 00:00:00+00:00,2430.0,15953.0,596.0
2018-02-13 00:00:00+00:00,2436.0,15855.0,598.0
2018-02-14 00:00:00+00:00,2417.0,15906.0,601.0
2018-02-15 00:00:00+00:00,2375.0,15932.0,610.0
2018-02-16 00:00:00+00:00,2386.0,15959.0,607.0
2018-02-20 00:00:00+00:00,2389.0,16032.0,603.0
2018-02-21 00:00:00+00:00,2377.0,16172.0,601.0
2018-02-22 00:00:00+00:00,2397.0,16005.0,602.0
2018-02-23 00:00:00+00:00,2381.0,16065.0,604.0
2018-02-26 00:00:00+00:00,2364.0,16087.0,608.0
2018-02-27 00:00:00+00:00,2363.0,15937.0,614.0
2018-02-28 00:00:00+00:00,2348.0,15903.0,619.0
2018-03-01 00:00:00+00:00,2314.0,15902.0,628.0
2018-03-02 00:00:00+00:00,2271.0,16068.0,633.0
2018-03-05 00:00:00+00:00,2215.0,16338.0,639.0
2018-03-06 00:00:00+00:00,0.0,16543.0,644.0
2018-03-07 00:00:00+00:00,2200.0,16720.0,637.0
2018-03-08 00:00:00+00:00,2239.0,16609.0,630.0
2018-03-09 00:00:00+00:00,2208.0,16834.0,630.0
2018-03-12 00:00:00+00:00,2264.0,16578.0,624.0
2018-03-13 00:00:00+00:00,2265.0,16466.0,628.0
2018-03-14 00:00:00+00:00,2240.0,16714.0,626.0
2018-03-15 00:00:00+00:00,2243.0,16693.0,626.0
2018-03-16 00:00:00+00:00,2244.0,16620.0,629.0
2018-03-19 00:00:00+00:00,2232.0,16526.0,636.0
2018-03-20 00:00:00+00:00,2211.0,16590.0,639.0
2018-03-21 00:00:00+00:00,2195.0,16792.0,636.0
2018-03-22 00:00:00+00:00,2202.0,16560.0,643.0
2018-03-23 00:00:00+00:00,0.0,16567.0,646.0
2018-03-26 00:00:00+00:00,0.0,16229.0,643.0
2018-03-27 00:00:00+00:00,0.0,16261.0,657.0
2018-03-28 00:00:00+00:00,-2306.0,16378.0,655.0
2018-03-29 00:00:00+00:00,-2231.0,16258.0,638.0
2018-04-02 00:00:00+00:00,0.0,16473.0,658.0
2018-04-03 00:00:00+00:00,-2352.0,16398.0,658.0
2018-04-04 00:00:00+00:00,-2318.0,16155.0,653.0
2018-04-05 00:00:00+00:00,-2272.0,16001.0,649.0
2018-04-06 00:00:00+00:00,0.0,16265.0,656.0
2018-04-09 00:00:00+00:00,-2296.0,16203.0,655.0
2018-04-10 00:00:00+00:00,-2238.0,15938.0,646.0
2018-04-11 00:00:00+00:00,0.0,15827.0,646.0
2018-04-12 00:00:00+00:00,0.0,15788.0,643.0
2018-04-13 00:00:00+00:00,0.0,15736.0,645.0
2018-04-16 00:00:00+00:00,2168.0,15714.0,642.0
2018-04-17 00:00:00+00:00,2078.0,16226.0,650.0
2018-04-18 00:00:00+00:00,2082.0,16215.0,649.0
2018-04-19 00:00:00+00:00,2080.0,16581.0,636.0
2018-04-20 00:00:00+00:00,2062.0,16890.0,630.0
2018-04-23 00:00:00+00:00,2096.0,16737.0,625.0
2018-04-24 00:00:00+00:00,2106.0,16436.0,634.0
2018-04-25 00:00:00+00:00,2116.0,16372.0,633.0
2018-04-26 00:00:00+00:00,2094.0,16581.0,632.0
2018-04-27 00:00:00+00:00,2089.0,16617.0,632.0
2018-04-30 00:00:00+00:00,2090.0,16365.0,642.0
2018-05-01 00:00:00+00:00,2116.0,16236.0,639.0
2018-05-02 00:00:00+00:00,2138.0,15714.0,654.0
2018-05-03 00:00:00+00:00,2147.0,15664.0,653.0
2018-05-04 00:00:00+00:00,2153.0,15525.0,657.0
2018-05-07 00:00:00+00:00,2136.0,15582.0,660.0
2018-05-08 00:00:00+00:00,2136.0,15538.0,662.0
2018-05-09 00:00:00+00:00,2145.0,15660.0,654.0
2018-05-10 00:00:00+00:00,2168.0,15572.0,651.0
2018-05-11 00:00:00+00:00,2180.0,15565.0,648.0
2018-05-14 00:00:00+00:00,2170.0,15632.0,648.0
2018-05-15 00:00:00+00:00,2160.0,15589.0,652.0
2018-05-16 00:00:00+00:00,2160.0,15537.0,655.0
2018-05-17 00:00:00+00:00,2166.0,15541.0,653.0
2018-05-18 00:00:00+00:00,2160.0,15503.0,656.0
2018-05-21 00:00:00+00:00,2140.0,15614.0,658.0
2018-05-22 00:00:00+00:00,2133.0,15590.0,661.0
2018-05-23 00:00:00+00:00,2090.0,15775.0,667.0
2018-05-24 00:00:00+00:00,2070.0,15855.0,670.0
2018-05-25 00:00:00+00:00,2062.0,15843.0,673.0
2018-05-29 00:00:00+00:00,2056.0,15782.0,678.0
2018-05-30 00:00:00+00:00,2044.0,15899.0,676.0
2018-05-31 00:00:00+00:00,2060.0,15991.0,667.0
2018-06-01 00:00:00+00:00,2062.0,16093.0,663.0
2018-06-04 00:00:00+00:00,2073.0,16126.0,658.0
2018-06-05 00:00:00+00:00,2063.0,16104.0,662.0
2018-06-06 00:00:00+00:00,2058.0,16078.0,665.0
2018-06-07 00:00:00+00:00,2071.0,15957.0,666.0
2018-06-08 00:00:00+00:00,2066.0,16028.0,664.0
2018-06-11 00:00:00+00:00,2066.0,16111.0,661.0
2018-06-12 00:00:00+00:00,2067.0,16131.0,660.0
2018-06-13 00:00:00+00:00,2000.0,16438.0,669.0
2018-06-14 00:00:00+00:00,1966.0,16702.0,670.0
2018-06-15 00:00:00+00:00,1963.0,16806.0,667.0
2018-06-18 00:00:00+00:00,1980.0,16892.0,658.0
2018-06-19 00:00:00+00:00,1919.0,17264.0,665.0
2018-06-20 00:00:00+00:00,1886.0,17390.0,672.0
2018-06-21 00:00:00+00:00,1880.0,17376.0,674.0
2018-06-22 00:00:00+00:00,1891.0,17338.0,672.0
2018-06-25 00:00:00+00:00,1950.0,16977.0,666.0
2018-06-26 00:00:00+00:00,1906.0,17023.0,680.0
2018-06-27 00:00:00+00:00,1926.0,16838.0,681.0
2018-06-28 00:00:00+00:00,1920.0,16881.0,681.0
2018-06-29 00:00:00+00:00,1932.0,16855.0,678.0
2018-07-02 00:00:00+00:00,1924.0,16885.0,679.0
2018-07-03 00:00:00+00:00,1924.0,16850.0,681.0
2018-07-05 00:00:00+00:00,1916.0,16980.0,678.0
2018-07-06 00:00:00+00:00,1902.0,17042.0,681.0
2018-07-09 00:00:00+00:00,1886.0,17102.0,684.0
2018-07-10 00:00:00+00:00,1894.0,17064.0,683.0
2018-07-11 00:00:00+00:00,1878.0,17261.0,681.0
2018-07-12 00:00:00+00:00,1920.0,17146.0,671.0
2018-07-13 00:00:00+00:00,1982.0,16910.0,659.0
2018-07-16 00:00:00+00:00,1962.0,16978.0,663.0
2018-07-17 00:00:00+00:00,2045.0,16721.0,647.0
2018-07-18 00:00:00+00:00,2055.0,16705.0,644.0
2018-07-19 00:00:00+00:00,2097.0,16417.0,643.0
2018-07-20 00:00:00+00:00,2106.0,16385.0,641.0
2018-07-23 00:00:00+00:00,2113.0,16494.0,635.0
2018-07-24 00:00:00+00:00,2164.0,16527.0,619.0
2018-07-25 00:00:00+00:00,2158.0,16577.0,619.0
2018-07-26 00:00:00+00:00,2157.0,16635.0,617.0
2018-07-27 00:00:00+00:00,2159.0,16568.0,619.0
2018-07-30 00:00:00+00:00,2231.0,16230.0,612.0
2018-07-31 00:00:00+00:00,2220.0,16237.0,615.0
2018-08-01 00:00:00+00:00,2261.0,15660.0,627.0
2018-08-02 00:00:00+00:00,2259.0,15481.0,634.0
2018-08-03 00:00:00+00:00,2266.0,15420.0,635.0
2018-08-06 00:00:00+00:00,2237.0,15488.0,641.0
2018-08-07 00:00:00+00:00,2237.0,15673.0,633.0
2018-08-08 00:00:00+00:00,2257.0,15618.0,630.0
2018-08-09 00:00:00+00:00,2258.0,15577.0,631.0
2018-08-10 00:00:00+00:00,2264.0,15508.0,632.0
2018-08-13 00:00:00+00:00,2287.0,15363.0,632.0
2018-08-14 00:00:00+00:00,2312.0,15292.0,628.0
2018-08-15 00:00:00+00:00,2349.0,14988.0,631.0
2018-08-16 00:00:00+00:00,2374.0,14752.0,634.0
2018-08-17 00:00:00+00:00,2415.0,14452.0,637.0
2018-08-20 00:00:00+00:00,2358.0,14743.0,639.0
2018-08-21 00:00:00+00:00,2305.0,14892.0,648.0
2018-08-22 00:00:00+00:00,2280.0,15009.0,650.0
2018-08-23 00:00:00+00:00,2304.0,14904.0,648.0
2018-08-24 00:00:00+00:00,2231.0,15223.0,655.0
2018-08-27 00:00:00+00:00,2226.0,15308.0,653.0
2018-08-28 00:00:00+00:00,2210.0,0.0,661.0
2018-08-29 00:00:00+00:00,2222.0,15062.0,654.0
2018-08-30 00:00:00+00:00,2210.0,14979.0,661.0
2018-08-31 00:00:00+00:00,2220.0,14737.0,670.0
2018-09-04 00:00:00+00:00,2226.0,14566.0,676.0
2018-09-05 00:00:00+00:00,2311.0,14286.0,664.0
2018-09-06 00:00:00+00:00,2265.0,14460.0,670.0
2018-09-07 00:00:00+00:00,2245.0,14542.0,672.0
2018-09-10 00:00:00+00:00,2236.0,14669.0,669.0
2018-09-11 00:00:00+00:00,2231.0,14583.0,674.0
2018-09-12 00:00:00+00:00,2157.0,14838.0,686.0
2018-09-13 00:00:00+00:00,2189.0,14633.0,685.0
2018-09-14 00:00:00+00:00,2194.0,14686.0,682.0
2018-09-17 00:00:00+00:00,2222.0,14687.0,673.0
2018-09-18 00:00:00+00:00,2157.0,14934.0,682.0
2018-09-19 00:00:00+00:00,2166.0,14961.0,678.0
2018-09-20 00:00:00+00:00,2187.0,14930.0,673.0
2018-09-21 00:00:00+00:00,2183.0,14893.0,676.0
2018-09-24 00:00:00+00:00,2165.0,14897.0,682.0
2018-09-25 00:00:00+00:00,2177.0,14880.0,679.0
2018-09-26 00:00:00+00:00,2137.0,15056.0,684.0
2018-09-27 00:00:00+00:00,2149.0,14949.0,684.0
2018-09-28 00:00:00+00:00,2176.0,14824.0,682.0
2018-10-01 00:00:00+00:00,2154.0,14861.0,687.0
2018-10-02 00:00:00+00:00,2180.0,14738.0,685.0
2018-10-03 00:00:00+00:00,2191.0,14630.0,686.0
2018-10-04 00:00:00+00:00,2209.0,14485.0,687.0
2018-10-05 00:00:00+00:00,2241.0,14433.0,680.0
2018-10-08 00:00:00+00:00,2244.0,14390.0,681.0
2018-10-09 00:00:00+00:00,2220.0,14306.0,693.0
2018-10-10 00:00:00+00:00,2277.0,14098.0,686.0
2018-10-11 00:00:00+00:00,2291.0,14103.0,681.0
2018-10-12 00:00:00+00:00,2255.0,14169.0,689.0
2018-10-15 00:00:00+00:00,2255.0,14207.0,687.0
2018-10-16 00:00:00+00:00,2233.0,14310.0,689.0
2018-10-17 00:00:00+00:00,2151.0,14580.0,703.0
2018-10-18 00:00:00+00:00,2189.0,14444.0,697.0
2018-10-19 00:00:00+00:00,2268.0,14144.0,688.0
2018-10-22 00:00:00+00:00,2291.0,14063.0,685.0
2018-10-23 00:00:00+00:00,2283.0,14037.0,689.0
2018-10-24 00:00:00+00:00,2372.0,13681.0,681.0
2018-10-25 00:00:00+00:00,2365.0,13840.0,675.0
2018-10-26 00:00:00+00:00,2403.0,13690.0,672.0
2018-10-29 00:00:00+00:00,2431.0,13409.0,678.0
2018-10-30 00:00:00+00:00,0.0,0.0,673.0
2018-10-31 00:00:00+00:00,-2344.0,-13288.0,656.0
2018-11-01 00:00:00+00:00,-2173.0,-12751.0,644.0
2018-11-02 00:00:00+00:00,0.0,0.0,669.0
2018-11-05 00:00:00+00:00,-2232.0,-14364.0,676.0
2018-11-06 00:00:00+00:00,-2278.0,-14279.0,670.0
2018-11-07 00:00:00+00:00,-2127.0,-13636.0,637.0
2018-11-08 00:00:00+00:00,0.0,0.0,648.0
2018-11-09 00:00:00+00:00,0.0,-13996.0,654.0
2018-11-12 00:00:00+00:00,0.0,-14840.0,677.0
2018-11-13 00:00:00+00:00,0.0,-15026.0,680.0
2018-11-14 00:00:00+00:00,0.0,0.0,683.0
2018-11-15 00:00:00+00:00,-2477.0,-15383.0,674.0
2018-11-16 00:00:00+00:00,-2508.0,-15188.0,676.0
2018-11-19 00:00:00+00:00,-2701.0,-16106.0,716.0
2018-11-20 00:00:00+00:00,0.0,-17290.0,728.0
2018-11-21 00:00:00+00:00,-2863.0,0.0,722.0
2018-11-23 00:00:00+00:00,-2897.0,-17843.0,731.0
2018-11-26 00:00:00+00:00,-2868.0,-17580.0,714.0
2018-11-27 00:00:00+00:00,-2791.0,-17491.0,712.0
2018-11-28 00:00:00+00:00,-2582.0,-16515.0,671.0
2018-11-29 00:00:00+00:00,0.0,0.0,667.0
2018-11-30 00:00:00+00:00,0.0,-16708.0,664.0
2018-12-03 00:00:00+00:00,0.0,-15991.0,652.0
2018-12-04 00:00:00+00:00,0.0,0.0,685.0
2018-12-06 00:00:00+00:00,0.0,0.0,677.0
2018-12-07 00:00:00+00:00,0.0,0.0,691.0
2018-12-10 00:00:00+00:00,0.0,0.0,690.0
2018-12-11 00:00:00+00:00,0.0,-17511.0,684.0
2018-12-12 00:00:00+00:00,0.0,-17484.0,678.0
2018-12-13 00:00:00+00:00,0.0,-17222.0,676.0
2018-12-14 00:00:00+00:00,0.0,-17871.0,692.0
2018-12-17 00:00:00+00:00,0.0,-17947.0,706.0
2018-12-18 00:00:00+00:00,0.0,-17711.0,698.0
2018-12-19 00:00:00+00:00,0.0,-18438.0,707.0
2018-12-20 00:00:00+00:00,0.0,-18990.0,720.0
2018-12-21 00:00:00+00:00,0.0,0.0,744.0
2018-12-24 00:00:00+00:00,-3115.0,-20342.0,745.0
2018-12-26 00:00:00+00:00,-2783.0,-18397.0,679.0
2018-12-27 00:00:00+00:00,0.0,0.0,676.0
2018-12-28 00:00:00+00:00,-2753.0,-18499.0,679.0
2018-12-31 00:00:00+00:00,-2583.0,-17946.0,667.0
2019-01-02 00:00:00+00:00,0.0,-17976.0,662.0
2019-01-03 00:00:00+00:00,0.0,-20441.0,698.0
2019-01-04 00:00:00+00:00,2392.0,0.0,664.0
2019-01-07 00:00:00+00:00,2300.0,0.0,678.0
2019-01-08 00:00:00+00:00,2282.0,0.0,679.0
2019-01-09 00:00:00+00:00,2282.0,0.0,679.0
2019-01-10 00:00:00+00:00,2257.0,0.0,684.0
2019-01-11 00:00:00+00:00,2191.0,0.0,699.0
2019-01-14 00:00:00+00:00,2202.0,0.0,702.0
2019-01-15 00:00:00+00:00,2134.0,0.0,702.0
2019-01-16 00:00:00+00:00,2150.0,0.0,698.0
2019-01-17 00:00:00+00:00,2148.0,0.0,696.0
2019-01-18 00:00:00+00:00,2213.0,0.0,683.0
2019-01-22 00:00:00+00:00,2257.0,0.0,685.0
2019-01-23 00:00:00+00:00,2276.0,0.0,681.0
2019-01-24 00:00:00+00:00,2253.0,0.0,685.0
2019-01-25 00:00:00+00:00,2214.0,0.0,686.0
2019-01-28 00:00:00+00:00,2210.0,0.0,693.0
2019-01-29 00:00:00+00:00,2234.0,0.0,692.0
2019-01-30 00:00:00+00:00,2201.0,0.0,688.0
2019-01-31 00:00:00+00:00,2225.0,18567.0,676.0
2019-02-01 00:00:00+00:00,2219.0,18551.0,679.0
2019-02-04 00:00:00+00:00,2205.0,18532.0,684.0
2019-02-05 00:00:00+00:00,2208.0,18472.0,685.0
2019-02-06 00:00:00+00:00,2203.0,18240.0,695.0
2019-02-07 00:00:00+00:00,2210.0,18252.0,693.0
2019-02-08 00:00:00+00:00,2196.0,18268.0,697.0
2019-02-11 00:00:00+00:00,2199.0,18305.0,694.0
2019-02-12 00:00:00+00:00,2164.0,18595.0,694.0
2019-02-13 00:00:00+00:00,2194.0,18499.0,689.0
2019-02-14 00:00:00+00:00,2168.0,18590.0,694.0
2019-02-15 00:00:00+00:00,2170.0,18535.0,695.0
2019-02-19 00:00:00+00:00,2155.0,18612.0,697.0
2019-02-20 00:00:00+00:00,2165.0,18472.0,699.0
2019-02-21 00:00:00+00:00,2162.0,18398.0,703.0
2019-02-22 00:00:00+00:00,2154.0,18439.0,704.0
2019-02-25 00:00:00+00:00,2155.0,18360.0,707.0
2019-02-26 00:00:00+00:00,2155.0,18402.0,705.0
2019-02-27 00:00:00+00:00,2166.0,18334.0,704.0
2019-02-28 00:00:00+00:00,2181.0,18396.0,697.0
2019-03-01 00:00:00+00:00,2205.0,18369.0,690.0
2019-03-04 00:00:00+00:00,2240.0,18237.0,685.0
2019-03-05 00:00:00+00:00,2234.0,18391.0,681.0
2019-03-06 00:00:00+00:00,2205.0,18532.0,685.0
2019-03-07 00:00:00+00:00,2216.0,18477.0,683.0
2019-03-08 00:00:00+00:00,2230.0,18390.0,682.0
2019-03-11 00:00:00+00:00,2238.0,18310.0,683.0
2019-03-12 00:00:00+00:00,2268.0,18220.0,677.0
2019-03-13 00:00:00+00:00,2251.0,18251.0,681.0
2019-03-14 00:00:00+00:00,2264.0,18038.0,685.0
2019-03-15 00:00:00+00:00,2262.0,17922.0,690.0
2019-03-18 00:00:00+00:00,2262.0,17832.0,694.0
2019-03-19 00:00:00+00:00,2285.0,17924.0,683.0
2019-03-20 00:00:00+00:00,2240.0,18216.0,686.0
2019-03-21 00:00:00+00:00,2261.0,17862.0,693.0
2019-03-22 00:00:00+00:00,2298.0,17714.0,688.0
2019-03-25 00:00:00+00:00,2260.0,17883.0,693.0
2019-03-26 00:00:00+00:00,2272.0,17862.0,690.0
2019-03-27 00:00:00+00:00,2300.0,17590.0,693.0
2019-03-28 00:00:00+00:00,2293.0,17572.0,695.0
2019-03-29 00:00:00+00:00,2293.0,17552.0,696.0
2019-04-01 00:00:00+00:00,2268.0,17747.0,696.0
2019-04-02 00:00:00+00:00,2279.0,17619.0,698.0
2019-04-03 00:00:00+00:00,2280.0,17598.0,699.0
2019-04-04 00:00:00+00:00,2294.0,17592.0,694.0
2019-04-05 00:00:00+00:00,2305.0,17438.0,697.0
2019-04-08 00:00:00+00:00,2332.0,17179.0,700.0
2019-04-09 00:00:00+00:00,2311.0,17234.0,704.0
2019-04-10 00:00:00+00:00,2322.0,17181.0,703.0
2019-04-11 00:00:00+00:00,2302.0,17348.0,702.0
2019-04-12 00:00:00+00:00,2382.0,17156.0,687.0
2019-04-15 00:00:00+00:00,2396.0,17114.0,684.0
2019-04-16 00:00:00+00:00,2353.0,17314.0,689.0
2019-04-17 00:00:00+00:00,2395.0,17061.0,687.0
2019-04-18 00:00:00+00:00,2373.0,17111.0,691.0
2019-04-22 00:00:00+00:00,2312.0,17398.0,698.0
2019-04-23 00:00:00+00:00,2314.0,17374.0,699.0
2019-04-24 00:00:00+00:00,2339.0,17236.0,697.0
2019-04-25 00:00:00+00:00,2362.0,17285.0,688.0
2019-04-26 00:00:00+00:00,2336.0,17482.0,688.0
2019-04-29 00:00:00+00:00,2359.0,17488.0,681.0
2019-04-30 00:00:00+00:00,2289.0,17239.0,713.0
2019-05-01 00:00:00+00:00,2279.0,16729.0,739.0
2019-05-02 00:00:00+00:00,2270.0,16780.0,740.0
2019-05-03 00:00:00+00:00,2270.0,16838.0,737.0
2019-05-06 00:00:00+00:00,2286.0,16939.0,728.0
2019-05-07 00:00:00+00:00,2289.0,17051.0,722.0
2019-05-08 00:00:00+00:00,2310.0,16918.0,721.0
2019-05-09 00:00:00+00:00,2306.0,16996.0,719.0
2019-05-10 00:00:00+00:00,2304.0,17137.0,714.0
2019-05-13 00:00:00+00:00,2305.0,17408.0,703.0
2019-05-14 00:00:00+00:00,2308.0,17175.0,711.0
2019-05-15 00:00:00+00:00,2305.0,17413.0,703.0
2019-05-16 00:00:00+00:00,2293.0,17610.0,698.0
2019-05-17 00:00:00+00:00,2299.0,17513.0,701.0
2019-05-20 00:00:00+00:00,2286.0,17661.0,699.0
2019-05-21 00:00:00+00:00,2281.0,17596.0,703.0
2019-05-22 00:00:00+00:00,2244.0,17943.0,701.0
2019-05-23 00:00:00+00:00,2256.0,17967.0,696.0
2019-05-24 00:00:00+00:00,2239.0,18012.0,700.0
2019-05-28 00:00:00+00:00,2235.0,18072.0,699.0
2019-05-29 00:00:00+00:00,2243.0,17940.0,701.0
2019-05-30 00:00:00+00:00,2237.0,17932.0,704.0
2019-05-31 00:00:00+00:00,2250.0,17926.0,700.0
2019-06-03 00:00:00+00:00,2225.0,17562.0,723.0
2019-06-04 00:00:00+00:00,2192.0,17522.0,735.0
2019-06-05 00:00:00+00:00,2187.0,17315.0,746.0
2019-06-06 00:00:00+00:00,2193.0,17182.0,750.0
2019-06-07 00:00:00+00:00,2212.0,17059.0,749.0
2019-06-10 00:00:00+00:00,2269.0,16853.0,739.0
2019-06-11 00:00:00+00:00,2280.0,16704.0,742.0
2019-06-12 00:00:00+00:00,2302.0,16640.0,738.0
2019-06-13 00:00:00+00:00,2319.0,16669.0,731.0
2019-06-14 00:00:00+00:00,2328.0,16672.0,728.0
2019-06-17 00:00:00+00:00,2289.0,16820.0,734.0
2019-06-18 00:00:00+00:00,2287.0,16719.0,740.0
2019-06-19 00:00:00+00:00,2257.0,16845.0,744.0
2019-06-20 00:00:00+00:00,2262.0,16828.0,743.0
2019-06-21 00:00:00+00:00,2250.0,16981.0,740.0
2019-06-24 00:00:00+00:00,2238.0,16988.0,744.0
2019-06-25 00:00:00+00:00,2251.0,16845.0,746.0
2019-06-26 00:00:00+00:00,2254.0,16603.0,756.0
2019-06-27 00:00:00+00:00,2220.0,16707.0,763.0
2019-06-28 00:00:00+00:00,2227.0,16794.0,757.0
2019-07-01 00:00:00+00:00,2223.0,16788.0,758.0
2019-07-02 00:00:00+00:00,2233.0,16802.0,754.0
2019-07-03 00:00:00+00:00,2222.0,16855.0,756.0
2019-07-05 00:00:00+00:00,2232.0,16898.0,750.0
2019-07-08 00:00:00+00:00,2224.0,16991.0,749.0
2019-07-09 00:00:00+00:00,2219.0,17021.0,749.0
2019-07-10 00:00:00+00:00,2232.0,17004.0,745.0
2019-07-11 00:00:00+00:00,2235.0,17083.0,741.0
2019-07-12 00:00:00+00:00,2267.0,16907.0,739.0
2019-07-15 00:00:00+00:00,2305.0,16729.0,734.0
2019-07-16 00:00:00+00:00,2307.0,16774.0,732.0
2019-07-17 00:00:00+00:00,2313.0,16748.0,731.0
2019-07-18 00:00:00+00:00,2499.0,16054.0,709.0
2019-07-19 00:00:00+00:00,2527.0,15971.0,704.0
2019-07-22 00:00:00+00:00,2577.0,15696.0,703.0
2019-07-23 00:00:00+00:00,2609.0,15596.0,699.0
2019-07-24 00:00:00+00:00,2544.0,15747.0,710.0
2019-07-25 00:00:00+00:00,2489.0,15946.0,717.0
2019-07-26 00:00:00+00:00,2530.0,16612.0,679.0
2019-07-29 00:00:00+00:00,2546.0,16411.0,683.0
2019-07-30 00:00:00+00:00,2567.0,16284.0,683.0
2019-07-31 00:00:00+00:00,2595.0,15982.0,688.0
2019-08-01 00:00:00+00:00,2589.0,16124.0,684.0
2019-08-02 00:00:00+00:00,2564.0,16277.0,684.0
2019-08-05 00:00:00+00:00,2549.0,16475.0,680.0
2019-08-06 00:00:00+00:00,2564.0,16397.0,679.0
2019-08-07 00:00:00+00:00,2609.0,16202.0,676.0
2019-08-08 00:00:00+00:00,2585.0,16309.0,677.0
2019-08-09 00:00:00+00:00,2605.0,16202.0,677.0
2019-08-12 00:00:00+00:00,2582.0,16202.0,683.0
2019-08-13 00:00:00+00:00,2627.0,15887.0,685.0
2019-08-14 00:00:00+00:00,2651.0,15831.0,681.0
2019-08-15 00:00:00+00:00,2669.0,15838.0,676.0
2019-08-16 00:00:00+00:00,2656.0,15763.0,683.0
2019-08-19 00:00:00+00:00,2650.0,15774.0,684.0
2019-08-20 00:00:00+00:00,2699.0,15528.0,682.0
2019-08-21 00:00:00+00:00,2723.0,15434.0,680.0
2019-08-22 00:00:00+00:00,2726.0,15420.0,680.0
2019-08-23 00:00:00+00:00,2688.0,15645.0,680.0
2019-08-26 00:00:00+00:00,2697.0,15591.0,680.0
2019-08-27 00:00:00+00:00,2710.0,15635.0,675.0
2019-08-28 00:00:00+00:00,2714.0,15592.0,676.0
2019-08-29 00:00:00+00:00,2715.0,15602.0,675.0
2019-08-30 00:00:00+00:00,2729.0,15542.0,674.0
2019-09-03 00:00:00+00:00,2728.0,15528.0,675.0
2019-09-04 00:00:00+00:00,2740.0,15451.0,676.0
2019-09-05 00:00:00+00:00,2770.0,15412.0,670.0
2019-09-06 00:00:00+00:00,2784.0,15331.0,670.0
2019-09-09 00:00:00+00:00,2761.0,15359.0,674.0
2019-09-10 00:00:00+00:00,2814.0,15136.0,672.0
2019-09-11 00:00:00+00:00,0.0,14887.0,674.0
2019-09-12 00:00:00+00:00,0.0,14966.0,668.0
2019-09-13 00:00:00+00:00,0.0,15186.0,662.0
2019-09-16 00:00:00+00:00,0.0,15100.0,666.0
2019-09-17 00:00:00+00:00,0.0,15054.0,668.0
2019-09-18 00:00:00+00:00,0.0,14974.0,668.0
2019-09-19 00:00:00+00:00,0.0,15082.0,664.0
2019-09-20 00:00:00+00:00,0.0,15195.0,664.0
2019-09-23 00:00:00+00:00,0.0,15166.0,664.0
2019-09-24 00:00:00+00:00,-3203.0,15150.0,668.0
2019-09-25 00:00:00+00:00,-3077.0,14911.0,653.0
2019-09-26 00:00:00+00:00,0.0,14969.0,655.0
2019-09-27 00:00:00+00:00,-3074.0,14951.0,659.0
2019-09-30 00:00:00+00:00,-3023.0,14613.0,663.0
2019-10-01 00:00:00+00:00,-2985.0,14495.0,667.0
2019-10-02 00:00:00+00:00,-2959.0,14655.0,673.0
2019-10-03 00:00:00+00:00,-2975.0,14617.0,671.0
2019-10-04 00:00:00+00:00,-2952.0,14353.0,666.0
2019-10-07 00:00:00+00:00,0.0,14316.0,665.0
2019-10-08 00:00:00+00:00,0.0,14355.0,669.0
2019-10-09 00:00:00+00:00,0.0,14296.0,667.0
2019-10-10 00:00:00+00:00,0.0,14194.0,667.0
2019-10-11 00:00:00+00:00,2882.0,13974.0,671.0
2019-10-14 00:00:00+00:00,2865.0,14037.0,672.0
2019-10-15 00:00:00+00:00,2892.0,14137.0,661.0
2019-10-16 00:00:00+00:00,2875.0,14212.0,661.0
2019-10-17 00:00:00+00:00,2839.0,14327.0,664.0
2019-10-18 00:00:00+00:00,2962.0,13960.0,654.0
2019-10-21 00:00:00+00:00,2960.0,13850.0,660.0
2019-10-22 00:00:00+00:00,3039.0,13669.0,652.0
2019-10-23 00:00:00+00:00,0.0,13684.0,653.0
2019-10-24 00:00:00+00:00,0.0,0.0,652.0
2019-10-25 00:00:00+00:00,0.0,13509.0,651.0
2019-10-28 00:00:00+00:00,0.0,13515.0,644.0
2019-10-29 00:00:00+00:00,2913.0,13630.0,649.0
2019-10-30 00:00:00+00:00,2844.0,13791.0,657.0
2019-10-31 00:00:00+00:00,2892.0,13521.0,659.0
2019-11-01 00:00:00+00:00,2934.0,13311.0,660.0
2019-11-04 00:00:00+00:00,2913.0,13407.0,660.0
2019-11-05 00:00:00+00:00,2944.0,13348.0,656.0
2019-11-06 00:00:00+00:00,2941.0,13352.0,657.0
2019-11-07 00:00:00+00:00,2958.0,13324.0,654.0
2019-11-08 00:00:00+00:00,2949.0,13339.0,0.0
2019-11-11 00:00:00+00:00,2940.0,13308.0,665.0
2019-11-12 00:00:00+00:00,2953.0,13282.0,664.0
2019-11-13 00:00:00+00:00,3024.0,13062.0,659.0
2019-11-14 00:00:00+00:00,2982.0,13268.0,658.0
2019-11-15 00:00:00+00:00,2974.0,13324.0,657.0
2019-11-18 00:00:00+00:00,2920.0,13346.0,669.0
2019-11-19 00:00:00+00:00,2913.0,13355.0,670.0
2019-11-20 00:00:00+00:00,2876.0,13456.0,673.0
2019-11-21 00:00:00+00:00,2830.0,13587.0,678.0
2019-11-22 00:00:00+00:00,2833.0,13556.0,679.0
2019-11-25 00:00:00+00:00,2827.0,13512.0,682.0
2019-11-26 00:00:00+00:00,2843.0,13563.0,676.0
2019-11-27 00:00:00+00:00,2834.0,13490.0,682.0
2019-11-29 00:00:00+00:00,2834.0,13464.0,683.0
2019-12-02 00:00:00+00:00,2840.0,13449.0,682.0
2019-12-03 00:00:00+00:00,2851.0,13575.0,673.0
2019-12-04 00:00:00+00:00,2889.0,13556.0,665.0
2019-12-05 00:00:00+00:00,2918.0,13429.0,665.0
2019-12-06 00:00:00+00:00,2918.0,13366.0,668.0
2019-12-09 00:00:00+00:00,2937.0,13431.0,661.0
2019-12-10 00:00:00+00:00,3006.0,13245.0,655.0
2019-12-11 00:00:00+00:00,2976.0,13258.0,661.0
2019-12-12 00:00:00+00:00,2986.0,13245.0,660.0
2019-12-13 00:00:00+00:00,2997.0,13120.0,663.0
2019-12-16 00:00:00+00:00,2986.0,13097.0,667.0
2019-12-17 00:00:00+00:00,2913.0,13222.0,678.0
2019-12-18 00:00:00+00:00,2876.0,13310.0,682.0
2019-12-19 00:00:00+00:00,2814.0,13470.0,689.0
2019-12-20 00:00:00+00:00,2781.0,13530.0,694.0
2019-12-23 00:00:00+00:00,2817.0,13333.0,695.0
2019-12-24 00:00:00+00:00,2814.0,13308.0,697.0
2019-12-26 00:00:00+00:00,2847.0,13183.0,696.0
2019-12-27 00:00:00+00:00,2861.0,13112.0,696.0
2019-12-30 00:00:00+00:00,2890.0,12933.0,699.0
2019-12-31 00:00:00+00:00,2896.0,12877.0,701.0
2020-01-02 00:00:00+00:00,2903.0,12862.0,700.0
2020-01-03 00:00:00+00:00,2912.0,12873.0,697.0
2020-01-06 00:00:00+00:00,2885.0,13040.0,695.0
2020-01-07 00:00:00+00:00,2909.0,13012.0,690.0
2020-01-08 00:00:00+00:00,2883.0,13018.0,696.0
2020-01-09 00:00:00+00:00,2935.0,12840.0,694.0
2020-01-10 00:00:00+00:00,2984.0,12766.0,686.0
2020-01-13 00:00:00+00:00,2953.0,12741.0,695.0
2020-01-14 00:00:00+00:00,2935.0,12829.0,694.0
2020-01-15 00:00:00+00:00,2934.0,12895.0,691.0
2020-01-16 00:00:00+00:00,2958.0,12820.0,690.0
2020-01-17 00:00:00+00:00,2982.0,12823.0,684.0
2020-01-21 00:00:00+00:00,2987.0,12873.0,680.0
2020-01-22 00:00:00+00:00,3066.0,12694.0,672.0
2020-01-23 00:00:00+00:00,2933.0,12960.0,689.0
2020-01-24 00:00:00+00:00,2897.0,12971.0,697.0
2020-01-27 00:00:00+00:00,2904.0,13004.0,694.0
2020-01-28 00:00:00+00:00,2912.0,12890.0,698.0
2020-01-29 00:00:00+00:00,2967.0,12666.0,698.0
2020-01-30 00:00:00+00:00,2938.0,12727.0,701.0
2020-01-31 00:00:00+00:00,2894.0,13021.0,696.0
2020-02-03 00:00:00+00:00,2856.0,13364.0,688.0
2020-02-04 00:00:00+00:00,2805.0,13099.0,715.0
2020-02-05 00:00:00+00:00,2810.0,13040.0,717.0
2020-02-06 00:00:00+00:00,2853.0,12991.0,709.0
2020-02-07 00:00:00+00:00,2843.0,13117.0,705.0
2020-02-10 00:00:00+00:00,2844.0,13213.0,699.0
2020-02-11 00:00:00+00:00,2825.0,13298.0,699.0
2020-02-12 00:00:00+00:00,2822.0,13193.0,706.0
2020-02-13 00:00:00+00:00,2806.0,13261.0,706.0
2020-02-14 00:00:00+00:00,2815.0,13265.0,704.0
2020-02-18 00:00:00+00:00,2762.0,13514.0,704.0
2020-02-19 00:00:00+00:00,2787.0,13388.0,705.0
2020-02-20 00:00:00+00:00,2773.0,13453.0,705.0
2020-02-21 00:00:00+00:00,2760.0,13490.0,706.0
2020-02-24 00:00:00+00:00,2731.0,13596.0,708.0
2020-02-25 00:00:00+00:00,2722.0,13695.0,705.0
2020-02-26 00:00:00+00:00,2647.0,13807.0,720.0
2020-02-27 00:00:00+00:00,2575.0,14087.0,726.0
2020-02-28 00:00:00+00:00,2601.0,14135.0,716.0
2020-03-02 00:00:00+00:00,2656.0,13632.0,728.0
2020-03-03 00:00:00+00:00,2654.0,13618.0,729.0
2020-03-04 00:00:00+00:00,2653.0,13538.0,734.0
2020-03-05 00:00:00+00:00,2631.0,13480.0,743.0
2020-03-06 00:00:00+00:00,2624.0,13483.0,745.0
2020-03-09 00:00:00+00:00,2604.0,13647.0,742.0
2020-03-10 00:00:00+00:00,2624.0,13478.0,0.0
2020-03-11 00:00:00+00:00,2663.0,13619.0,-767.0
2020-03-12 00:00:00+00:00,2842.0,14531.0,-804.0
2020-03-13 00:00:00+00:00,2747.0,13376.0,0.0
2020-03-16 00:00:00+00:00,2843.0,14122.0,-784.0
2020-03-17 00:00:00+00:00,2729.0,13893.0,-780.0
2020-03-18 00:00:00+00:00,2750.0,14160.0,0.0
2020-03-19 00:00:00+00:00,2652.0,14482.0,-790.0
2020-03-20 00:00:00+00:00,2626.0,15347.0,-816.0
2020-03-23 00:00:00+00:00,2487.0,0.0,-848.0
2020-03-24 00:00:00+00:00,2439.0,-14221.0,0.0
2020-03-25 00:00:00+00:00,2513.0,-14111.0,-781.0
2020-03-26 00:00:00+00:00,2334.0,-13199.0,-730.0
2020-03-27 00:00:00+00:00,2427.0,0.0,0.0
2020-03-30 00:00:00+00:00,2366.0,0.0,0.0
2020-03-31 00:00:00+00:00,2347.0,0.0,0.0
2020-04-01 00:00:00+00:00,2396.0,0.0,0.0
2020-04-02 00:00:00+00:00,2370.0,0.0,0.0
2020-04-03 00:00:00+00:00,2407.0,0.0,0.0
2020-04-06 00:00:00+00:00,2330.0,0.0,0.0
2020-04-07 00:00:00+00:00,2362.0,13633.0,0.0
2020-04-08 00:00:00+00:00,2386.0,13399.0,0.0
2020-04-09 00:00:00+00:00,2394.0,13330.0,732.0
2020-04-13 00:00:00+00:00,2308.0,13487.0,752.0
2020-04-14 00:00:00+00:00,2313.0,13417.0,753.0
2020-04-15 00:00:00+00:00,2255.0,13620.0,762.0
2020-04-16 00:00:00+00:00,0.0,13682.0,771.0
2020-04-17 00:00:00+00:00,2305.0,13879.0,759.0
2020-04-20 00:00:00+00:00,2229.0,14177.0,770.0
2020-04-21 00:00:00+00:00,2189.0,14244.0,780.0
2020-04-22 00:00:00+00:00,2282.0,14023.0,761.0
2020-04-23 00:00:00+00:00,2268.0,14167.0,758.0
2020-04-24 00:00:00+00:00,2298.0,13894.0,763.0
2020-04-27 00:00:00+00:00,2310.0,13836.0,762.0
2020-04-28 00:00:00+00:00,2337.0,13638.0,765.0
2020-04-29 00:00:00+00:00,0.0,13821.0,736.0
2020-04-30 00:00:00+00:00,0.0,13654.0,739.0
2020-05-01 00:00:00+00:00,0.0,13707.0,745.0
2020-05-04 00:00:00+00:00,0.0,13601.0,746.0
2020-05-05 00:00:00+00:00,0.0,13548.0,741.0
2020-05-06 00:00:00+00:00,0.0,13443.0,745.0
2020-05-07 00:00:00+00:00,0.0,13435.0,738.0
2020-05-08 00:00:00+00:00,0.0,13277.0,738.0
2020-05-11 00:00:00+00:00,0.0,13187.0,737.0
2020-05-12 00:00:00+00:00,0.0,13201.0,744.0
2020-05-13 00:00:00+00:00,0.0,13224.0,751.0
2020-05-14 00:00:00+00:00,0.0,13192.0,750.0
2020-05-15 00:00:00+00:00,0.0,13300.0,742.0
2020-05-18 00:00:00+00:00,2275.0,13129.0,744.0
2020-05-19 00:00:00+00:00,2271.0,13132.0,745.0
2020-05-20 00:00:00+00:00,2315.0,13036.0,736.0
2020-05-21 00:00:00+00:00,2348.0,12978.0,730.0
2020-05-22 00:00:00+00:00,0.0,12877.0,725.0
2020-05-26 00:00:00+00:00,0.0,12956.0,721.0
2020-05-27 00:00:00+00:00,-2439.0,12920.0,722.0
2020-05-28 00:00:00+00:00,-2489.0,12979.0,726.0
2020-05-29 00:00:00+00:00,-2446.0,12959.0,718.0
2020-06-01 00:00:00+00:00,-2410.0,12800.0,716.0
2020-06-02 00:00:00+00:00,-2407.0,12768.0,714.0
2020-06-03 00:00:00+00:00,-2451.0,12766.0,719.0
2020-06-04 00:00:00+00:00,-2490.0,12846.0,730.0
2020-06-05 00:00:00+00:00,-2487.0,12633.0,725.0
2020-06-08 00:00:00+00:00,-2497.0,12608.0,724.0
2020-06-09 00:00:00+00:00,-2416.0,12236.0,720.0
2020-06-10 00:00:00+00:00,0.0,12054.0,722.0
2020-06-11 00:00:00+00:00,0.0,12280.0,732.0
2020-06-12 00:00:00+00:00,0.0,12237.0,730.0
2020-06-15 00:00:00+00:00,-2442.0,12156.0,731.0
2020-06-16 00:00:00+00:00,-2396.0,11912.0,724.0
2020-06-17 00:00:00+00:00,-2317.0,11840.0,714.0
2020-06-18 00:00:00+00:00,0.0,11777.0,718.0
2020-06-19 00:00:00+00:00,2267.0,11810.0,718.0
2020-06-22 00:00:00+00:00,2250.0,11784.0,725.0
2020-06-23 00:00:00+00:00,2279.0,11638.0,725.0
2020-06-24 00:00:00+00:00,2276.0,11619.0,727.0
2020-06-25 00:00:00+00:00,2264.0,11610.0,732.0
2020-06-26 00:00:00+00:00,2272.0,11437.0,740.0
2020-06-29 00:00:00+00:00,2295.0,11393.0,736.0
2020-06-30 00:00:00+00:00,2286.0,11446.0,735.0
2020-07-01 00:00:00+00:00,2200.0,11784.0,743.0
2020-07-02 00:00:00+00:00,2241.0,11786.0,729.0
2020-07-06 00:00:00+00:00,2225.0,11798.0,734.0
2020-07-07 00:00:00+00:00,2219.0,11789.0,736.0
2020-07-08 00:00:00+00:00,2213.0,11713.0,743.0
2020-07-09 00:00:00+00:00,2209.0,11757.0,742.0
2020-07-10 00:00:00+00:00,2114.0,12138.0,752.0
2020-07-13 00:00:00+00:00,2158.0,11924.0,750.0
2020-07-14 00:00:00+00:00,2176.0,11814.0,751.0
2020-07-15 00:00:00+00:00,2182.0,0.0,754.0
2020-07-16 00:00:00+00:00,2173.0,11910.0,754.0
2020-07-17 00:00:00+00:00,2271.0,11664.0,738.0
2020-07-20 00:00:00+00:00,2282.0,11703.0,732.0
2020-07-21 00:00:00+00:00,2306.0,11697.0,725.0
2020-07-22 00:00:00+00:00,2314.0,11698.0,722.0
2020-07-23 00:00:00+00:00,2291.0,11830.0,722.0
2020-07-24 00:00:00+00:00,2278.0,0.0,724.0
2020-07-27 00:00:00+00:00,2240.0,0.0,725.0
2020-07-28 00:00:00+00:00,2247.0,0.0,731.0
2020-07-29 00:00:00+00:00,2271.0,0.0,722.0
2020-07-30 00:00:00+00:00,2271.0,0.0,720.0
2020-07-31 00:00:00+00:00,2238.0,0.0,737.0
2020-08-03 00:00:00+00:00,2205.0,10124.0,745.0
2020-08-04 00:00:00+00:00,2173.0,10135.0,755.0
2020-08-05 00:00:00+00:00,2201.0,10080.0,750.0
2020-08-06 00:00:00+00:00,2219.0,9957.0,753.0
2020-08-07 00:00:00+00:00,2242.0,10003.0,742.0
2020-08-10 00:00:00+00:00,2289.0,9835.0,739.0
2020-08-11 00:00:00+00:00,2311.0,9886.0,729.0
2020-08-12 00:00:00+00:00,2322.0,9789.0,733.0
2020-08-13 00:00:00+00:00,2323.0,9740.0,736.0
2020-08-14 00:00:00+00:00,2312.0,9732.0,740.0
2020-08-17 00:00:00+00:00,2317.0,9769.0,736.0
2020-08-18 00:00:00+00:00,2313.0,9865.0,730.0
2020-08-19 00:00:00+00:00,2332.0,9784.0,730.0
2020-08-20 00:00:00+00:00,2324.0,9801.0,731.0
2020-08-21 00:00:00+00:00,2381.0,9444.0,741.0
2020-08-24 00:00:00+00:00,2406.0,9362.0,740.0
2020-08-25 00:00:00+00:00,2404.0,9465.0,733.0
2020-08-26 00:00:00+00:00,2267.0,9827.0,751.0
2020-08-27 00:00:00+00:00,2310.0,9741.0,743.0
2020-08-28 00:00:00+00:00,2320.0,9757.0,739.0
2020-08-31 00:00:00+00:00,2325.0,9558.0,753.0
2020-09-01 00:00:00+00:00,2291.0,9520.0,767.0
2020-09-02 00:00:00+00:00,2316.0,9764.0,741.0
2020-09-03 00:00:00+00:00,2290.0,9981.0,733.0
2020-09-04 00:00:00+00:00,2296.0,9812.0,744.0
2020-09-08 00:00:00+00:00,2242.0,10093.0,741.0
2020-09-09 00:00:00+00:00,2304.0,9844.0,740.0
2020-09-10 00:00:00+00:00,2328.0,9878.0,730.0
2020-09-11 00:00:00+00:00,2308.0,9951.0,731.0
2020-09-14 00:00:00+00:00,2349.0,9716.0,736.0
2020-09-15 00:00:00+00:00,2299.0,9887.0,739.0
2020-09-16 00:00:00+00:00,2304.0,9959.0,733.0
2020-09-17 00:00:00+00:00,2322.0,9915.0,730.0
2020-09-18 00:00:00+00:00,2280.0,10049.0,734.0
2020-09-21 00:00:00+00:00,2234.0,9908.0,760.0
2020-09-22 00:00:00+00:00,2251.0,9909.0,754.0
2020-09-23 00:00:00+00:00,2257.0,9936.0,750.0
2020-09-24 00:00:00+00:00,2264.0,9916.0,750.0
2020-09-25 00:00:00+00:00,2270.0,9780.0,758.0
2020-09-28 00:00:00+00:00,2274.0,9722.0,761.0
2020-09-29 00:00:00+00:00,2262.0,9801.0,759.0
2020-09-30 00:00:00+00:00,2253.0,9748.0,766.0
2020-10-01 00:00:00+00:00,2191.0,9915.0,775.0
2020-10-02 00:00:00+00:00,2221.0,9905.0,766.0
2020-10-05 00:00:00+00:00,2207.0,9880.0,773.0
2020-10-06 00:00:00+00:00,2211.0,9904.0,769.0
2020-10-07 00:00:00+00:00,2147.0,9994.0,786.0
2020-10-08 00:00:00+00:00,2167.0,10041.0,775.0
2020-10-09 00:00:00+00:00,2172.0,10038.0,773.0
