,Unnamed: 0,Delta,Width,Timing,Alloc.,PT / Ladder,CAGR,Drawdown,Score,Updated
0,,3,50,S 1-4 DTE,10%,-,5.6%,-4.9%,0.88,May 16 2021
1,,3,50,S 1-4 DTE,20%,-,11.2%,-10.0%,0.89,May 16 2021
2,,3,50,S 1-4 DTE,30%,-,17.2%,-14.8%,0.86,May 16 2021
3,,3,50,S 1-4 DTE,50%,-,29.2%,-24.7%,0.85,May 16 2021
4,,3,50,S 1-4 DTE,10%,70%,1.0%,-13.4%,13.40,May 16 2021
5,,3,50,S 1-4 DTE,20%,70%,1.5%,-26.4%,17.60,May 16 2021
6,,3,50,S 1-4 DTE,30%,70%,1.4%,-39.1%,27.93,May 16 2021
7,,3,50,S 1-4 DTE,50%,70%,-0.5%,-60.8%,-,May 16 2021
8,,3,50,S 1-4 DTE,10%,80%,5.9%,-7.2%,1.22,May 16 2021
9,,3,50,S 1-4 DTE,20%,80%,11.9%,-14.5%,1.22,May 16 2021
10,,3,50,S 1-4 DTE,30%,80%,18.0%,-21.7%,1.21,May 16 2021
11,,3,50,S 1-4 DTE,50%,80%,30.3%,-36.4%,1.20,May 16 2021
12,,3,100,S 1-4 DTE,10%,-,4.6%,-2.4%,0.52,May 16 2021
13,,3,100,S 1-4 DTE,20%,-,9.4%,-5.0%,0.53,May 16 2021
14,,3,100,S 1-4 DTE,30%,-,14.5%,-7.4%,0.51,May 16 2021
15,,3,100,S 1-4 DTE,50%,-,25.1%,-12.2%,0.49,May 16 2021
16,,3,100,S 1-4 DTE,10%,70%,1.1%,-11.2%,10.18,May 16 2021
17,,3,100,S 1-4 DTE,20%,70%,1.7%,-22.8%,13.41,May 16 2021
18,,3,100,S 1-4 DTE,30%,70%,2.5%,-32.3%,12.92,May 16 2021
19,,3,100,S 1-4 DTE,50%,70%,1.7%,-52.6%,30.94,May 16 2021
20,,3,100,S 1-4 DTE,10%,80%,3.2%,-5.3%,1.66,May 16 2021
21,,3,100,S 1-4 DTE,20%,80%,6.5%,-11.4%,1.75,May 16 2021
22,,3,100,S 1-4 DTE,30%,80%,9.7%,-17.1%,1.76,May 16 2021
23,,3,100,S 1-4 DTE,50%,80%,16.3%,-27.5%,1.69,May 16 2021
24,,3,150,S 1-4 DTE,10%,-,3.7%,-1.9%,0.51,May 16 2021
25,,3,150,S 1-4 DTE,20%,-,7.5%,-3.5%,0.47,May 16 2021
26,,3,150,S 1-4 DTE,30%,-,11.6%,-4.9%,0.42,May 16 2021
27,,3,150,S 1-4 DTE,50%,-,19.9%,-8.3%,0.42,May 16 2021
28,,3,150,S 1-4 DTE,10%,70%,1.6%,-6.2%,3.88,May 16 2021
29,,3,150,S 1-4 DTE,20%,70%,3.1%,-14.2%,4.58,May 16 2021
30,,3,150,S 1-4 DTE,30%,70%,4.4%,-21.3%,4.84,May 16 2021
31,,3,150,S 1-4 DTE,50%,70%,7.0%,-34.5%,4.93,May 16 2021
32,,3,150,S 1-4 DTE,10%,80%,2.6%,-3.7%,1.42,May 16 2021
33,,3,150,S 1-4 DTE,20%,80%,5.5%,-7.4%,1.35,May 16 2021
34,,3,150,S 1-4 DTE,30%,80%,8.4%,-11.1%,1.32,May 16 2021
35,,3,150,S 1-4 DTE,50%,80%,14.1%,-18.0%,1.28,May 16 2021
36,,3,200,S 1-4 DTE,10%,-,3.4%,-1.4%,0.41,May 16 2021
37,,3,200,S 1-4 DTE,20%,-,6.1%,-2.7%,0.44,May 16 2021
38,,3,200,S 1-4 DTE,30%,-,9.5%,-3.8%,0.40,May 16 2021
39,,3,200,S 1-4 DTE,50%,-,16.4%,-6.1%,0.37,May 16 2021
40,,3,200,S 1-4 DTE,10%,70%,1.7%,-5.5%,3.24,May 16 2021
41,,3,200,S 1-4 DTE,20%,70%,3.4%,-9.4%,2.76,May 16 2021
42,,3,200,S 1-4 DTE,30%,70%,4.7%,-15.2%,3.23,May 16 2021
43,,3,200,S 1-4 DTE,50%,70%,7.8%,-24.9%,3.19,May 16 2021
44,,3,200,S 1-4 DTE,10%,80%,3.3%,-2.0%,0.61,May 16 2021
45,,3,200,S 1-4 DTE,20%,80%,5.8%,-3.9%,0.67,May 16 2021
46,,3,200,S 1-4 DTE,30%,80%,9.1%,-5.5%,0.60,May 16 2021
47,,3,200,S 1-4 DTE,50%,80%,15.4%,-9.3%,0.60,May 16 2021
48,,3,250,S 1-4 DTE,10%,-,2.5%,-0.9%,0.36,May 16 2021
49,,3,250,S 1-4 DTE,20%,-,5.3%,-1.9%,0.36,May 16 2021
50,,3,250,S 1-4 DTE,30%,-,8.0%,-3.0%,0.38,May 16 2021
51,,3,250,S 1-4 DTE,50%,-,13.7%,-4.8%,0.35,May 16 2021
52,,3,250,S 1-4 DTE,75%,-,21.2%,-7.5%,0.35,May 16 2021
53,,3,250,S 1-4 DTE,100%,-,29.1%,-9.9%,0.34,May 16 2021
54,,3,250,S 1-4 DTE,10%,70%,1.6%,-3.5%,2.19,May 16 2021
55,,3,250,S 1-4 DTE,20%,70%,3.2%,-6.9%,2.16,May 16 2021
56,,3,250,S 1-4 DTE,30%,70%,4.9%,-10.2%,2.08,May 16 2021
57,,3,250,S 1-4 DTE,50%,70%,7.6%,-18.7%,2.46,May 16 2021
58,,3,250,S 1-4 DTE,75%,70%,11.5%,-27.4%,2.38,May 16 2021
59,,3,250,S 1-4 DTE,100%,70%,14.8%,-35.9%,2.43,May 16 2021
60,,3,250,S 1-4 DTE,10%,80%,2.4%,-1.4%,0.58,May 16 2021
61,,3,250,S 1-4 DTE,20%,80%,5.0%,-2.7%,0.54,May 16 2021
62,,3,250,S 1-4 DTE,30%,80%,7.6%,-4.4%,0.58,May 16 2021
63,,3,250,S 1-4 DTE,50%,80%,12.9%,-7.5%,0.58,May 16 2021
64,,3,250,S 1-4 DTE,75%,80%,19.9%,-10.7%,0.54,May 16 2021
65,,3,250,S 1-4 DTE,100%,80%,27.2%,-14.5%,0.53,May 16 2021
66,,3,300,S 1-4 DTE,10%,-,2.5%,-0.9%,0.36,May 16 2021
67,,3,300,S 1-4 DTE,20%,-,4.5%,-1.8%,0.40,May 16 2021
68,,3,300,S 1-4 DTE,30%,-,6.7%,-2.7%,0.40,May 16 2021
69,,3,300,S 1-4 DTE,50%,-,11.7%,-4.1%,0.35,May 16 2021
70,,3,300,S 1-4 DTE,75%,-,17.9%,-6.0%,0.34,May 16 2021
71,,3,300,S 1-4 DTE,100%,-,24.5%,-8.2%,0.33,May 16 2021
72,,3,300,S 1-4 DTE,10%,70%,1.6%,-3.4%,2.13,May 16 2021
73,,3,300,S 1-4 DTE,20%,70%,2.8%,-5.1%,1.82,May 16 2021
74,,3,300,S 1-4 DTE,30%,70%,4.1%,-8.3%,2.02,May 16 2021
75,,3,300,S 1-4 DTE,50%,70%,6.6%,-14.5%,2.20,May 16 2021
76,,3,300,S 1-4 DTE,75%,70%,9.6%,-22.8%,2.38,May 16 2021
77,,3,300,S 1-4 DTE,100%,70%,12.8%,-29.6%,2.31,May 16 2021
78,,3,300,S 1-4 DTE,10%,80%,1.7%,-3.4%,2.00,May 16 2021
79,,3,300,S 1-4 DTE,20%,80%,3.1%,-5.0%,1.61,May 16 2021
80,,3,300,S 1-4 DTE,30%,80%,4.5%,-8.1%,1.80,May 16 2021
81,,3,300,S 1-4 DTE,50%,80%,7.3%,-14.1%,1.93,May 16 2021
82,,3,300,S 1-4 DTE,75%,80%,11.1%,-21.1%,1.90,May 16 2021
83,,3,300,S 1-4 DTE,100%,80%,14.6%,-27.4%,1.88,May 16 2021
84,,4,50,S 1-4 DTE,10%,-,5.2%,-8.0%,1.54,May 16 2021
85,,4,50,S 1-4 DTE,20%,-,10.4%,-15.4%,1.48,May 16 2021
86,,4,50,S 1-4 DTE,30%,-,15.2%,-23.2%,1.53,May 16 2021
87,,4,50,S 1-4 DTE,50%,-,23.6%,-37.9%,1.61,May 16 2021
88,,4,50,S 1-4 DTE,10%,70%,-0.9%,-18.9%,-,May 16 2021
89,,4,50,S 1-4 DTE,20%,70%,-2.4%,-36.0%,-,May 16 2021
90,,4,50,S 1-4 DTE,30%,70%,-5.7%,-52.4%,-,May 16 2021
91,,4,50,S 1-4 DTE,50%,70%,-16.3%,-78.2%,-,May 16 2021
92,,4,50,S 1-4 DTE,10%,80%,1.7%,-17.0%,10.00,May 16 2021
93,,4,50,S 1-4 DTE,20%,80%,2.5%,-33.6%,13.44,May 16 2021
94,,4,50,S 1-4 DTE,30%,80%,2.1%,-48.9%,23.29,May 16 2021
95,,4,50,S 1-4 DTE,50%,80%,-3.6%,-75.3%,-,May 16 2021
96,,4,100,S 1-4 DTE,10%,-,5.0%,-3.8%,0.76,May 16 2021
97,,4,100,S 1-4 DTE,20%,-,10.0%,-7.5%,0.75,May 16 2021
98,,4,100,S 1-4 DTE,30%,-,15.3%,-11.3%,0.74,May 16 2021
99,,4,100,S 1-4 DTE,50%,-,26.2%,-18.7%,0.71,May 16 2021
100,,4,100,S 1-4 DTE,10%,70%,4.3%,-8.8%,2.05,May 16 2021
101,,4,100,S 1-4 DTE,20%,70%,8.6%,-17.6%,2.05,May 16 2021
102,,4,100,S 1-4 DTE,30%,70%,13.2%,-24.9%,1.89,May 16 2021
103,,4,100,S 1-4 DTE,50%,70%,21.1%,-40.3%,1.91,May 16 2021
104,,4,100,S 1-4 DTE,10%,80%,2.4%,-9.0%,3.75,May 16 2021
105,,4,100,S 1-4 DTE,20%,80%,4.6%,-18.8%,4.09,May 16 2021
106,,4,100,S 1-4 DTE,30%,80%,5.8%,-29.5%,5.09,May 16 2021
107,,4,100,S 1-4 DTE,50%,80%,6.9%,-49.4%,7.16,May 16 2021
108,,4,150,S 1-4 DTE,10%,-,4.0%,-2.7%,0.68,May 16 2021
109,,4,150,S 1-4 DTE,20%,-,8.3%,-5.1%,0.61,May 16 2021
110,,4,150,S 1-4 DTE,30%,-,12.7%,-7.4%,0.58,May 16 2021
111,,4,150,S 1-4 DTE,50%,-,21.8%,-12.5%,0.57,May 16 2021
112,,4,150,S 1-4 DTE,10%,70%,4.5%,-5.6%,1.24,May 16 2021
113,,4,150,S 1-4 DTE,20%,70%,9.2%,-10.2%,1.11,May 16 2021
114,,4,150,S 1-4 DTE,30%,70%,14.1%,-14.5%,1.03,May 16 2021
115,,4,150,S 1-4 DTE,50%,70%,24.1%,-24.0%,1.00,May 16 2021
116,,4,150,S 1-4 DTE,10%,80%,2.7%,-5.2%,1.93,May 16 2021
117,,4,150,S 1-4 DTE,20%,80%,5.4%,-11.8%,2.19,May 16 2021
118,,4,150,S 1-4 DTE,30%,80%,7.9%,-18.0%,2.28,May 16 2021
119,,4,150,S 1-4 DTE,50%,80%,11.8%,-31.8%,2.69,May 16 2021
120,,4,200,S 1-4 DTE,10%,-,3.7%,-2.0%,0.54,May 16 2021
121,,4,200,S 1-4 DTE,20%,-,6.8%,-3.6%,0.53,May 16 2021
122,,4,200,S 1-4 DTE,30%,-,10.5%,-5.9%,0.56,May 16 2021
123,,4,200,S 1-4 DTE,50%,-,18.2%,-9.3%,0.51,May 16 2021
124,,4,200,S 1-4 DTE,10%,70%,2.7%,-5.5%,2.04,May 16 2021
125,,4,200,S 1-4 DTE,20%,70%,5.4%,-8.5%,1.57,May 16 2021
126,,4,200,S 1-4 DTE,30%,70%,8.1%,-13.7%,1.69,May 16 2021
127,,4,200,S 1-4 DTE,50%,70%,12.5%,-24.2%,1.94,May 16 2021
128,,4,200,S 1-4 DTE,10%,80%,3.6%,-3.1%,0.86,May 16 2021
129,,4,200,S 1-4 DTE,20%,80%,6.5%,-6.0%,0.92,May 16 2021
130,,4,200,S 1-4 DTE,30%,80%,9.8%,-8.3%,0.85,May 16 2021
131,,4,200,S 1-4 DTE,50%,80%,16.6%,-14.3%,0.86,May 16 2021
132,,4,250,S 1-4 DTE,10%,-,2.7%,-1.4%,0.52,May 16 2021
133,,4,250,S 1-4 DTE,20%,-,5.9%,-3.1%,0.53,May 16 2021
134,,4,250,S 1-4 DTE,30%,-,9.0%,-4.5%,0.50,May 16 2021
135,,4,250,S 1-4 DTE,50%,-,15.3%,-7.4%,0.48,May 16 2021
136,,4,250,S 1-4 DTE,75%,-,23.6%,-11.2%,0.47,May 16 2021
137,,4,250,S 1-4 DTE,100%,-,32.4%,-15.1%,0.47,May 16 2021
138,,4,250,S 1-4 DTE,10%,70%,2.1%,-3.8%,1.81,May 16 2021
139,,4,250,S 1-4 DTE,20%,70%,4.3%,-7.3%,1.70,May 16 2021
140,,4,250,S 1-4 DTE,30%,70%,6.6%,-10.8%,1.64,May 16 2021
141,,4,250,S 1-4 DTE,50%,70%,10.7%,-19.1%,1.79,May 16 2021
142,,4,250,S 1-4 DTE,75%,70%,15.0%,-30.1%,2.01,May 16 2021
143,,4,250,S 1-4 DTE,100%,70%,19.3%,-40.9%,2.12,May 16 2021
144,,4,250,S 1-4 DTE,10%,80%,2.9%,-2.1%,0.72,May 16 2021
145,,4,250,S 1-4 DTE,20%,80%,6.2%,-4.0%,0.65,May 16 2021
146,,4,250,S 1-4 DTE,30%,80%,9.7%,-6.6%,0.68,May 16 2021
147,,4,250,S 1-4 DTE,50%,80%,16.5%,-11.0%,0.67,May 16 2021
148,,4,250,S 1-4 DTE,75%,80%,25.0%,-16.7%,0.67,May 16 2021
149,,4,250,S 1-4 DTE,100%,80%,34.1%,-22.5%,0.66,May 16 2021
150,,4,300,S 1-4 DTE,10%,-,2.8%,-1.4%,0.50,May 16 2021
151,,4,300,S 1-4 DTE,20%,-,5.0%,-2.5%,0.50,May 16 2021
152,,4,300,S 1-4 DTE,30%,-,7.6%,-3.5%,0.46,May 16 2021
153,,4,300,S 1-4 DTE,50%,-,12.9%,-6.5%,0.50,May 16 2021
154,,4,300,S 1-4 DTE,75%,-,20.1%,-9.3%,0.46,May 16 2021
155,,4,300,S 1-4 DTE,100%,-,27.4%,-12.6%,0.46,May 16 2021
156,,4,300,S 1-4 DTE,10%,70%,2.7%,-3.1%,1.15,May 16 2021
157,,4,300,S 1-4 DTE,20%,70%,4.5%,-6.1%,1.36,May 16 2021
158,,4,300,S 1-4 DTE,30%,70%,7.1%,-8.1%,1.14,May 16 2021
159,,4,300,S 1-4 DTE,50%,70%,12.2%,-13.3%,1.09,May 16 2021
160,,4,300,S 1-4 DTE,75%,70%,18.6%,-19.4%,1.04,May 16 2021
161,,4,300,S 1-4 DTE,100%,70%,25.1%,-25.5%,1.02,May 16 2021
162,,4,300,S 1-4 DTE,10%,80%,3.0%,-2.1%,0.70,May 16 2021
163,,4,300,S 1-4 DTE,20%,80%,5.5%,-4.0%,0.73,May 16 2021
164,,4,300,S 1-4 DTE,30%,80%,8.2%,-5.8%,0.71,May 16 2021
165,,4,300,S 1-4 DTE,50%,80%,14.1%,-9.2%,0.65,May 16 2021
166,,4,300,S 1-4 DTE,75%,80%,21.6%,-13.6%,0.63,May 16 2021
167,,4,300,S 1-4 DTE,100%,80%,29.2%,-18.6%,0.64,May 16 2021
168,,5,50,S 1-4 DTE,10%,-,4.3%,-11.1%,2.58,May 16 2021
169,,5,50,S 1-4 DTE,20%,-,8.3%,-21.1%,2.54,May 16 2021
170,,5,50,S 1-4 DTE,30%,-,11.1%,-30.8%,2.77,May 16 2021
171,,5,50,S 1-4 DTE,50%,-,12.9%,-49.5%,3.84,May 16 2021
172,,5,50,S 1-4 DTE,10%,70%,0.4%,-16.0%,40.00,May 16 2021
173,,5,50,S 1-4 DTE,20%,70%,-1.2%,-32.6%,-,May 16 2021
174,,5,50,S 1-4 DTE,30%,70%,-4.6%,-48.4%,-,May 16 2021
175,,5,50,S 1-4 DTE,50%,70%,-18.4%,-78.2%,-,May 16 2021
176,,5,50,S 1-4 DTE,10%,80%,3.9%,-18.2%,4.67,May 16 2021
177,,5,50,S 1-4 DTE,20%,80%,6.8%,-34.4%,5.06,May 16 2021
178,,5,50,S 1-4 DTE,30%,80%,8.0%,-49.0%,6.13,May 16 2021
179,,5,50,S 1-4 DTE,50%,80%,3.4%,-73.2%,21.53,May 16 2021
180,,5,100,S 1-4 DTE,10%,-,5.1%,-4.7%,0.92,May 16 2021
181,,5,100,S 1-4 DTE,20%,-,10.4%,-9.8%,0.94,May 16 2021
182,,5,100,S 1-4 DTE,30%,-,15.5%,-14.5%,0.94,May 16 2021
183,,5,100,S 1-4 DTE,50%,-,25.5%,-24.3%,0.95,May 16 2021
184,,5,100,S 1-4 DTE,10%,70%,4.2%,-8.7%,2.07,May 16 2021
185,,5,100,S 1-4 DTE,20%,70%,8.5%,-17.6%,2.07,May 16 2021
186,,5,100,S 1-4 DTE,30%,70%,12.3%,-25.2%,2.05,May 16 2021
187,,5,100,S 1-4 DTE,50%,70%,18.4%,-41.5%,2.26,May 16 2021
188,,5,100,S 1-4 DTE,10%,80%,2.1%,-12.6%,6.00,May 16 2021
189,,5,100,S 1-4 DTE,20%,80%,3.0%,-27.5%,9.17,May 16 2021
190,,5,100,S 1-4 DTE,30%,80%,4.2%,-38.9%,9.26,May 16 2021
191,,5,100,S 1-4 DTE,50%,80%,2.2%,-62.0%,28.18,May 16 2021
192,,5,150,S 1-4 DTE,10%,-,4.2%,-3.9%,0.93,May 16 2021
193,,5,150,S 1-4 DTE,20%,-,8.8%,-6.3%,0.72,May 16 2021
194,,5,150,S 1-4 DTE,30%,-,13.1%,-9.7%,0.74,May 16 2021
195,,5,150,S 1-4 DTE,50%,-,22.4%,-15.6%,0.70,May 16 2021
196,,5,150,S 1-4 DTE,10%,70%,4.4%,-5.5%,1.25,May 16 2021
197,,5,150,S 1-4 DTE,20%,70%,8.8%,-10.2%,1.16,May 16 2021
198,,5,150,S 1-4 DTE,30%,70%,13.0%,-15.4%,1.18,May 16 2021
199,,5,150,S 1-4 DTE,50%,70%,21.8%,-24.9%,1.14,May 16 2021
200,,5,150,S 1-4 DTE,10%,80%,2.7%,-7.6%,2.81,May 16 2021
201,,5,150,S 1-4 DTE,20%,80%,6.1%,-12.5%,2.05,May 16 2021
202,,5,150,S 1-4 DTE,30%,80%,8.3%,-20.3%,2.45,May 16 2021
203,,5,150,S 1-4 DTE,50%,80%,12.1%,-33.1%,2.74,May 16 2021
204,,5,200,S 1-4 DTE,10%,-,3.9%,-2.6%,0.67,May 16 2021
205,,5,200,S 1-4 DTE,20%,-,7.4%,-4.4%,0.59,May 16 2021
206,,5,200,S 1-4 DTE,30%,-,10.8%,-7.2%,0.67,May 16 2021
207,,5,200,S 1-4 DTE,50%,-,18.8%,-11.8%,0.63,May 16 2021
208,,5,200,S 1-4 DTE,10%,70%,4.4%,-4.3%,0.98,May 16 2021
209,,5,200,S 1-4 DTE,20%,70%,8.2%,-8.2%,1.00,May 16 2021
210,,5,200,S 1-4 DTE,30%,70%,12.5%,-11.3%,0.90,May 16 2021
211,,5,200,S 1-4 DTE,50%,70%,21.4%,-19.4%,0.91,May 16 2021
212,,5,200,S 1-4 DTE,10%,80%,2.7%,-5.7%,2.11,May 16 2021
213,,5,200,S 1-4 DTE,20%,80%,4.9%,-9.2%,1.88,May 16 2021
214,,5,200,S 1-4 DTE,30%,80%,6.9%,-15.8%,2.29,May 16 2021
215,,5,200,S 1-4 DTE,50%,80%,11.3%,-25.9%,2.29,May 16 2021
216,,5,250,S 1-4 DTE,10%,-,2.9%,-1.7%,0.59,May 16 2021
217,,5,250,S 1-4 DTE,20%,-,6.2%,-3.8%,0.61,May 16 2021
218,,5,250,S 1-4 DTE,30%,-,9.6%,-5.5%,0.57,May 16 2021
219,,5,250,S 1-4 DTE,50%,-,16.3%,-9.4%,0.58,May 16 2021
220,,5,250,S 1-4 DTE,75%,-,24.7%,-14.0%,0.57,May 16 2021
221,,5,250,S 1-4 DTE,100%,-,33.8%,-19.0%,0.56,May 16 2021
222,,5,250,S 1-4 DTE,10%,70%,2.9%,-3.8%,1.31,May 16 2021
223,,5,250,S 1-4 DTE,20%,70%,6.0%,-8.2%,1.37,May 16 2021
224,,5,250,S 1-4 DTE,30%,70%,9.5%,-11.8%,1.24,May 16 2021
225,,5,250,S 1-4 DTE,50%,70%,15.4%,-19.8%,1.29,May 16 2021
226,,5,250,S 1-4 DTE,75%,70%,23.5%,-29.0%,1.23,May 16 2021
227,,5,250,S 1-4 DTE,100%,70%,30.9%,-37.7%,1.22,May 16 2021
228,,5,250,S 1-4 DTE,10%,80%,2.1%,-3.9%,1.86,May 16 2021
229,,5,250,S 1-4 DTE,20%,80%,4.5%,-7.5%,1.67,May 16 2021
230,,5,250,S 1-4 DTE,30%,80%,5.9%,-12.6%,2.14,May 16 2021
231,,5,250,S 1-4 DTE,50%,80%,10.1%,-20.0%,1.98,May 16 2021
232,,5,250,S 1-4 DTE,75%,80%,14.4%,-30.4%,2.11,May 16 2021
233,,5,250,S 1-4 DTE,100%,80%,17.7%,-40.6%,2.29,May 16 2021
234,,5,300,S 1-4 DTE,10%,-,3.0%,-1.7%,0.57,May 16 2021
235,,5,300,S 1-4 DTE,20%,-,5.2%,-3.5%,0.67,May 16 2021
236,,5,300,S 1-4 DTE,30%,-,8.0%,-5.0%,0.63,May 16 2021
237,,5,300,S 1-4 DTE,50%,-,13.9%,-7.8%,0.56,May 16 2021
238,,5,300,S 1-4 DTE,75%,-,21.4%,-11.6%,0.54,May 16 2021
239,,5,300,S 1-4 DTE,100%,-,28.8%,-15.7%,0.55,May 16 2021
240,,5,300,S 1-4 DTE,10%,70%,3.2%,-3.8%,1.19,May 16 2021
241,,5,300,S 1-4 DTE,20%,70%,5.9%,-6.7%,1.14,May 16 2021
242,,5,300,S 1-4 DTE,30%,70%,8.6%,-9.8%,1.14,May 16 2021
243,,5,300,S 1-4 DTE,50%,70%,14.6%,-16.6%,1.14,May 16 2021
244,,5,300,S 1-4 DTE,75%,70%,22.0%,-24.3%,1.10,May 16 2021
245,,5,300,S 1-4 DTE,100%,70%,30.0%,-31.2%,1.04,May 16 2021
246,,5,300,S 1-4 DTE,10%,80%,3.1%,-3.1%,1.00,May 16 2021
247,,5,300,S 1-4 DTE,20%,80%,5.4%,-6.0%,1.11,May 16 2021
248,,5,300,S 1-4 DTE,30%,80%,8.2%,-8.6%,1.05,May 16 2021
249,,5,300,S 1-4 DTE,50%,80%,14.0%,-13.6%,0.97,May 16 2021
250,,5,300,S 1-4 DTE,75%,80%,21.2%,-20.0%,0.94,May 16 2021
251,,5,300,S 1-4 DTE,100%,80%,28.3%,-26.5%,0.94,May 16 2021
252,,5,50,D 09:45 1-4 DTE,10%,-,7.2%,-16.8%,2.33,May 16 2021
253,,5,50,D 03:30 1-4 DTE,10%,-,2.9%,-19.9%,6.86,May 16 2021
254,,5,100,D 09:45 1-4 DTE,10%,-,7.4%,-9.6%,1.30,May 16 2021
255,,5,100,D 03:30 1-4 DTE,10%,-,5.5%,-8.7%,1.58,May 16 2021
256,,5,150,D 09:45 1-4 DTE,10%,-,5.9%,-7.9%,1.34,May 16 2021
257,,5,150,D 03:30 1-4 DTE,10%,-,4.9%,-6.3%,1.29,May 16 2021
258,,5,50,L 1-4 DTE,10%,80%,9.2%,-18.8%,2.04,May 16 2021
259,,5,100,L 1-4 DTE,10%,80%,6.6%,-11.2%,1.70,-
260,,5,150,L 1-4 DTE,10%,80%,5.9%,-7.4%,1.25,-
261,,6,50,S 1-4 DTE,10%,-,3.7%,-16.7%,4.51,May 16 2021
262,,6,50,S 1-4 DTE,20%,-,5.9%,-32.8%,5.56,May 16 2021
263,,6,50,S 1-4 DTE,30%,-,7.1%,-46.4%,6.54,May 16 2021
264,,6,50,S 1-4 DTE,50%,-,2.8%,-70.0%,25.00,May 16 2021
265,,6,50,S 1-4 DTE,10%,70%,0.8%,-23.5%,29.38,May 16 2021
266,,6,50,S 1-4 DTE,20%,70%,-0.5%,-45.3%,-,May 16 2021
267,,6,50,S 1-4 DTE,30%,70%,-5.1%,-63.9%,-,May 16 2021
268,,6,50,S 1-4 DTE,50%,70%,-22.9%,-88.0%,-,May 16 2021
269,,6,50,S 1-4 DTE,10%,80%,4.0%,-20.5%,5.13,May 16 2021
270,,6,50,S 1-4 DTE,20%,80%,6.5%,-37.5%,5.77,May 16 2021
271,,6,50,S 1-4 DTE,30%,80%,6.9%,-52.8%,7.65,May 16 2021
272,,6,50,S 1-4 DTE,50%,80%,-1.7%,-79.4%,-,May 16 2021
273,,6,100,S 1-4 DTE,10%,-,5.1%,-6.0%,1.18,May 16 2021
274,,6,100,S 1-4 DTE,20%,-,10.3%,-12.7%,1.23,May 16 2021
275,,6,100,S 1-4 DTE,30%,-,15.1%,-19.4%,1.28,May 16 2021
276,,6,100,S 1-4 DTE,50%,-,24.3%,-32.5%,1.34,May 16 2021
277,,6,100,S 1-4 DTE,10%,70%,5.7%,-10.7%,1.88,May 16 2021
278,,6,100,S 1-4 DTE,20%,70%,11.7%,-20.1%,1.72,May 16 2021
279,,6,100,S 1-4 DTE,30%,70%,17.2%,-29.4%,1.71,May 16 2021
280,,6,100,S 1-4 DTE,50%,70%,25.5%,-47.9%,1.88,May 16 2021
281,,6,100,S 1-4 DTE,10%,80%,4.1%,-13.3%,3.24,May 16 2021
282,,6,100,S 1-4 DTE,20%,80%,8.0%,-25.5%,3.19,May 16 2021
283,,6,100,S 1-4 DTE,30%,80%,11.2%,-36.3%,3.24,May 16 2021
284,,6,100,S 1-4 DTE,50%,80%,15.3%,-55.4%,3.62,May 16 2021
285,,6,150,S 1-4 DTE,10%,-,4.5%,-3.9%,0.87,May 16 2021
286,,6,150,S 1-4 DTE,20%,-,9.2%,-8.0%,0.87,May 16 2021
287,,6,150,S 1-4 DTE,30%,-,13.6%,-12.1%,0.89,May 16 2021
288,,6,150,S 1-4 DTE,50%,-,22.8%,-19.8%,0.87,May 16 2021
289,,6,150,S 1-4 DTE,10%,70%,5.5%,-7.4%,1.35,May 16 2021
290,,6,150,S 1-4 DTE,20%,70%,11.5%,-13.1%,1.14,May 16 2021
291,,6,150,S 1-4 DTE,30%,70%,17.5%,-19.6%,1.12,May 16 2021
292,,6,150,S 1-4 DTE,50%,70%,28.8%,-32.2%,1.12,May 16 2021
293,,6,150,S 1-4 DTE,10%,80%,4.6%,-8.8%,1.91,May 16 2021
294,,6,150,S 1-4 DTE,20%,80%,9.8%,-15.0%,1.53,May 16 2021
295,,6,150,S 1-4 DTE,30%,80%,14.3%,-22.8%,1.59,May 16 2021
296,,6,150,S 1-4 DTE,50%,80%,22.4%,-37.2%,1.66,May 16 2021
297,,6,200,S 1-4 DTE,10%,-,4.1%,-3.4%,0.83,May 16 2021
298,,6,200,S 1-4 DTE,20%,-,7.7%,-5.8%,0.75,May 16 2021
299,,6,200,S 1-4 DTE,30%,-,11.6%,-8.7%,0.75,May 16 2021
300,,6,200,S 1-4 DTE,50%,-,19.8%,-14.5%,0.73,May 16 2021
301,,6,200,S 1-4 DTE,10%,70%,5.3%,-4.8%,0.91,May 16 2021
302,,6,200,S 1-4 DTE,20%,70%,10.2%,-8.9%,0.87,May 16 2021
303,,6,200,S 1-4 DTE,30%,70%,15.4%,-13.1%,0.85,May 16 2021
304,,6,200,S 1-4 DTE,50%,70%,26.1%,-21.3%,0.82,May 16 2021
305,,6,200,S 1-4 DTE,10%,80%,4.2%,-6.2%,1.48,May 16 2021
306,,6,200,S 1-4 DTE,20%,80%,7.6%,-11.2%,1.47,May 16 2021
307,,6,200,S 1-4 DTE,30%,80%,11.5%,-16.7%,1.45,May 16 2021
308,,6,200,S 1-4 DTE,50%,80%,18.8%,-27.6%,1.47,May 16 2021
309,,6,250,S 1-4 DTE,10%,-,3.1%,-2.2%,0.71,May 16 2021
310,,6,250,S 1-4 DTE,20%,-,6.7%,-4.3%,0.64,May 16 2021
311,,6,250,S 1-4 DTE,30%,-,9.9%,-7.6%,0.77,May 16 2021
312,,6,250,S 1-4 DTE,50%,-,17.1%,-11.6%,0.68,May 16 2021
313,,6,250,S 1-4 DTE,75%,-,26.0%,-16.9%,0.65,May 16 2021
314,,6,250,S 1-4 DTE,100%,-,35.3%,-23.1%,0.65,May 16 2021
315,,6,250,S 1-4 DTE,10%,70%,3.8%,-3.2%,0.84,May 16 2021
316,,6,250,S 1-4 DTE,20%,70%,7.8%,-7.9%,1.01,May 16 2021
317,,6,250,S 1-4 DTE,30%,70%,12.6%,-9.7%,0.77,May 16 2021
318,,6,250,S 1-4 DTE,50%,70%,20.9%,-17.6%,0.84,May 16 2021
319,,6,250,S 1-4 DTE,75%,70%,31.9%,-25.5%,0.80,May 16 2021
320,,6,250,S 1-4 DTE,100%,70%,42.5%,-34.2%,0.80,May 16 2021
321,,6,250,S 1-4 DTE,10%,80%,3.2%,-4.0%,1.25,May 16 2021
322,,6,250,S 1-4 DTE,20%,80%,6.5%,-9.4%,1.45,May 16 2021
323,,6,250,S 1-4 DTE,30%,80%,10.2%,-12.9%,1.26,May 16 2021
324,,6,250,S 1-4 DTE,50%,80%,17.3%,-21.1%,1.22,May 16 2021
325,,6,250,S 1-4 DTE,75%,80%,25.3%,-31.6%,1.25,May 16 2021
326,,6,250,S 1-4 DTE,100%,80%,33.8%,-40.4%,1.20,May 16 2021
327,,6,300,S 1-4 DTE,10%,-,3.2%,-2.2%,0.69,May 16 2021
328,,6,300,S 1-4 DTE,20%,-,5.5%,-4.3%,0.78,May 16 2021
329,,6,300,S 1-4 DTE,30%,-,8.5%,-5.6%,0.66,May 16 2021
330,,6,300,S 1-4 DTE,50%,-,14.6%,-9.6%,0.66,May 16 2021
331,,6,300,S 1-4 DTE,75%,-,22.3%,-13.7%,0.61,May 16 2021
332,,6,300,S 1-4 DTE,100%,-,30.2%,-18.7%,0.62,May 16 2021
333,,6,300,S 1-4 DTE,10%,70%,3.8%,-3.2%,0.84,May 16 2021
334,,6,300,S 1-4 DTE,20%,70%,6.7%,-6.0%,0.90,May 16 2021
335,,6,300,S 1-4 DTE,30%,70%,10.6%,-8.4%,0.79,May 16 2021
336,,6,300,S 1-4 DTE,50%,70%,18.0%,-13.7%,0.76,May 16 2021
337,,6,300,S 1-4 DTE,75%,70%,26.8%,-21.1%,0.79,May 16 2021
338,,6,300,S 1-4 DTE,100%,70%,35.9%,-28.2%,0.79,May 16 2021
339,,6,300,S 1-4 DTE,10%,80%,3.5%,-3.9%,1.11,May 16 2021
340,,6,300,S 1-4 DTE,20%,80%,6.3%,-7.5%,1.19,May 16 2021
341,,6,300,S 1-4 DTE,30%,80%,9.4%,-10.6%,1.13,May 16 2021
342,,6,300,S 1-4 DTE,50%,80%,16.2%,-16.7%,1.03,May 16 2021
343,,6,300,S 1-4 DTE,75%,80%,24.3%,-25.3%,1.04,May 16 2021
344,,6,300,S 1-4 DTE,100%,80%,32.2%,-33.2%,1.03,May 16 2021
345,,7,50,S 1-4 DTE,10%,-,2.5%,-23.5%,9.40,May 16 2021
346,,7,50,S 1-4 DTE,20%,-,3.6%,-42.5%,11.81,May 16 2021
347,,7,50,S 1-4 DTE,30%,-,2.3%,-58.9%,25.61,May 16 2021
348,,7,50,S 1-4 DTE,10%,70%,-2.2%,-33.7%,-,May 16 2021
349,,7,50,S 1-4 DTE,20%,70%,-7.2%,-60.4%,-,May 16 2021
350,,7,50,S 1-4 DTE,30%,70%,-15.2%,-79.0%,-,May 16 2021
351,,7,50,S 1-4 DTE,50%,70%,-40.9%,,-,May 16 2021
352,,7,50,S 1-4 DTE,10%,80%,3.1%,-26.0%,8.39,May 16 2021
353,,7,50,S 1-4 DTE,20%,80%,3.6%,-49.1%,13.64,May 16 2021
354,,7,50,S 1-4 DTE,30%,80%,0.7%,-68.1%,97.29,May 16 2021
355,,7,100,S 1-4 DTE,10%,-,5.0%,-8.9%,1.78,May 16 2021
356,,7,100,S 1-4 DTE,20%,-,9.7%,-19.2%,1.98,May 16 2021
357,,7,100,S 1-4 DTE,30%,-,14.2%,-28.3%,1.99,May 16 2021
358,,7,100,S 1-4 DTE,10%,70%,4.6%,-12.8%,2.78,May 16 2021
359,,7,100,S 1-4 DTE,20%,70%,10.1%,-22.6%,2.24,May 16 2021
360,,7,100,S 1-4 DTE,30%,70%,13.1%,-35.5%,2.71,May 16 2021
361,,7,100,S 1-4 DTE,50%,70%,17.3%,-57.7%,3.34,May 16 2021
362,,7,100,S 1-4 DTE,10%,80%,4.4%,-16.5%,3.75,May 16 2021
363,,7,100,S 1-4 DTE,20%,80%,9.2%,-31.6%,3.43,May 16 2021
364,,7,100,S 1-4 DTE,30%,80%,12.2%,-46.0%,3.77,May 16 2021
365,,7,150,S 1-4 DTE,10%,-,4.5%,-5.5%,1.22,May 16 2021
366,,7,150,S 1-4 DTE,20%,-,9.2%,-11.2%,1.22,May 16 2021
367,,7,150,S 1-4 DTE,30%,-,13.5%,-16.6%,1.23,May 16 2021
368,,7,150,S 1-4 DTE,10%,70%,5.7%,-7.9%,1.39,May 16 2021
369,,7,150,S 1-4 DTE,20%,70%,11.2%,-15.0%,1.34,May 16 2021
370,,7,150,S 1-4 DTE,30%,70%,17.4%,-22.0%,1.26,May 16 2021
371,,7,150,S 1-4 DTE,50%,70%,28.2%,-35.6%,1.26,May 16 2021
372,,7,150,S 1-4 DTE,10%,80%,3.6%,-10.0%,2.78,May 16 2021
373,,7,150,S 1-4 DTE,20%,80%,7.5%,-17.4%,2.32,May 16 2021
374,,7,150,S 1-4 DTE,30%,80%,10.4%,-27.2%,2.62,May 16 2021
375,,7,200,S 1-4 DTE,10%,-,4.1%,-4.6%,1.12,May 16 2021
376,,7,200,S 1-4 DTE,20%,-,7.9%,-7.7%,0.97,May 16 2021
377,,7,200,S 1-4 DTE,30%,-,11.9%,-11.1%,0.93,May 16 2021
378,,7,200,S 1-4 DTE,10%,70%,5.3%,-5.6%,1.06,May 16 2021
379,,7,200,S 1-4 DTE,20%,70%,10.3%,-10.2%,0.99,May 16 2021
380,,7,200,S 1-4 DTE,30%,70%,15.1%,-15.3%,1.01,May 16 2021
381,,7,200,S 1-4 DTE,50%,70%,25.3%,-25.7%,1.02,May 16 2021
382,,7,200,S 1-4 DTE,10%,80%,3.8%,-6.8%,1.79,May 16 2021
383,,7,200,S 1-4 DTE,20%,80%,6.5%,-12.1%,1.86,May 16 2021
384,,7,200,S 1-4 DTE,30%,80%,9.9%,-17.7%,1.79,May 16 2021
385,,7,250,S 1-4 DTE,10%,-,3.2%,-2.9%,0.91,May 16 2021
386,,7,250,S 1-4 DTE,20%,-,6.7%,-5.6%,0.84,May 16 2021
387,,7,250,S 1-4 DTE,30%,-,10.2%,-9.5%,0.93,May 16 2021
388,,7,250,S 1-4 DTE,10%,70%,3.9%,-3.8%,0.97,May 16 2021
389,,7,250,S 1-4 DTE,20%,70%,8.1%,-9.0%,1.11,May 16 2021
390,,7,250,S 1-4 DTE,30%,70%,12.9%,-11.5%,0.89,May 16 2021
391,,7,250,S 1-4 DTE,50%,70%,21.7%,-20.3%,0.94,May 16 2021
392,,7,250,S 1-4 DTE,75%,70%,32.2%,-29.7%,0.92,May 16 2021
393,,7,250,S 1-4 DTE,100%,70%,42.5%,-39.1%,0.92,May 16 2021
394,,7,250,S 1-4 DTE,10%,80%,3.1%,-4.5%,1.45,May 16 2021
395,,7,250,S 1-4 DTE,20%,80%,6.0%,-9.3%,1.55,May 16 2021
396,,7,250,S 1-4 DTE,30%,80%,9.9%,-13.9%,1.40,May 16 2021
397,,7,300,S 1-4 DTE,10%,-,3.3%,-2.9%,0.88,May 16 2021
398,,7,300,S 1-4 DTE,20%,-,5.8%,-5.0%,0.86,May 16 2021
399,,7,300,S 1-4 DTE,30%,-,8.6%,-7.3%,0.85,May 16 2021
400,,7,300,S 1-4 DTE,10%,70%,4.0%,-3.7%,0.93,May 16 2021
401,,7,300,S 1-4 DTE,20%,70%,7.2%,-7.1%,0.99,May 16 2021
402,,7,300,S 1-4 DTE,30%,70%,11.1%,-10.0%,0.90,May 16 2021
403,,7,300,S 1-4 DTE,50%,70%,18.9%,-15.9%,0.84,May 16 2021
404,,7,300,S 1-4 DTE,75%,70%,28.1%,-24.5%,0.87,May 16 2021
405,,7,300,S 1-4 DTE,100%,70%,37.1%,-32.4%,0.87,May 16 2021
406,,7,300,S 1-4 DTE,10%,80%,3.2%,-4.5%,1.41,May 16 2021
407,,7,300,S 1-4 DTE,20%,80%,5.3%,-8.2%,1.55,May 16 2021
408,,7,300,S 1-4 DTE,30%,80%,8.2%,-12.2%,1.49,May 16 2021
409,,7,50,D 09:45 1-4 DTE,10%,-,5.0%,-22.4%,4.48,May 16 2021
410,,7,50,D 03:30 1-4 DTE,10%,-,0.7%,-30.9%,44.14,May 16 2021
411,,7,100,D 03:30 1-4 DTE,10%,-,5.9%,-13.0%,2.20,May 16 2021
412,,7,150,D 09:45 1-4 DTE,10%,-,6.0%,-10.6%,1.77,May 16 2021
413,,7,150,D 03:30 1-4 DTE,10%,-,5.2%,-8.3%,1.60,May 16 2021
414,,7,50,L 1-4 DTE,10%,80%,7.9%,-29.7%,3.76,May 16 2021
415,,7,100,L 1-4 DTE,10%,80%,5.6%,-13.9%,2.48,-
416,,7,150,L 1-4 DTE,10%,80%,5.2%,-10.4%,2.00,-
417,,8,50,S 1-4 DTE,10%,70%,-0.1%,-32.7%,-,May 16 2021
418,,8,50,S 1-4 DTE,20%,70%,-3.0%,-57.6%,-,May 16 2021
419,,8,50,S 1-4 DTE,30%,70%,-10.0%,-76.9%,-,May 16 2021
420,,8,50,S 1-4 DTE,50%,70%,-34.3%,,-,May 16 2021
421,,8,100,S 1-4 DTE,10%,-,5.6%,-9.8%,1.75,May 16 2021
422,,8,100,S 1-4 DTE,20%,-,10.7%,-21.0%,1.96,May 16 2021
423,,8,100,S 1-4 DTE,30%,-,15.7%,-30.7%,1.96,May 16 2021
424,,8,100,S 1-4 DTE,50%,-,22.5%,-49.7%,2.21,May 16 2021
425,,8,100,S 1-4 DTE,10%,70%,4.6%,-13.6%,2.96,May 16 2021
426,,8,100,S 1-4 DTE,20%,70%,9.6%,-24.4%,2.54,May 16 2021
427,,8,100,S 1-4 DTE,30%,70%,12.7%,-35.5%,2.80,May 16 2021
428,,8,100,S 1-4 DTE,50%,70%,14.6%,-59.2%,4.05,May 16 2021
429,,8,100,S 1-4 DTE,10%,80%,3.4%,-22.3%,6.56,May 16 2021
430,,8,100,S 1-4 DTE,20%,80%,5.1%,-41.9%,8.22,May 16 2021
431,,8,100,S 1-4 DTE,30%,80%,6.4%,-58.0%,9.06,May 16 2021
432,,8,100,S 1-4 DTE,50%,80%,3.7%,-80.5%,21.76,May 16 2021
433,,8,150,S 1-4 DTE,10%,-,5.0%,-6.3%,1.26,May 16 2021
434,,8,150,S 1-4 DTE,20%,-,10.3%,-12.6%,1.22,May 16 2021
435,,8,150,S 1-4 DTE,30%,-,15.1%,-18.7%,1.24,May 16 2021
436,,8,150,S 1-4 DTE,50%,-,24.3%,-31.8%,1.31,May 16 2021
437,,8,150,S 1-4 DTE,10%,70%,4.5%,-10.0%,2.22,May 16 2021
438,,8,150,S 1-4 DTE,20%,70%,9.8%,-17.6%,1.80,May 16 2021
439,,8,150,S 1-4 DTE,30%,70%,14.3%,-25.5%,1.78,May 16 2021
440,,8,150,S 1-4 DTE,50%,70%,21.6%,-40.6%,1.88,May 16 2021
441,,8,150,S 1-4 DTE,10%,80%,3.6%,-12.5%,3.47,May 16 2021
442,,8,150,S 1-4 DTE,20%,80%,6.8%,-23.2%,3.41,May 16 2021
443,,8,150,S 1-4 DTE,30%,80%,9.0%,-34.8%,3.87,May 16 2021
444,,8,150,S 1-4 DTE,50%,80%,13.3%,-53.1%,3.99,May 16 2021
445,,8,200,S 1-4 DTE,10%,-,4.5%,-5.3%,1.18,May 16 2021
446,,8,200,S 1-4 DTE,20%,-,8.6%,-8.5%,0.99,May 16 2021
447,,8,200,S 1-4 DTE,30%,-,12.9%,-12.8%,0.99,May 16 2021
448,,8,200,S 1-4 DTE,50%,-,21.1%,-22.8%,1.08,May 16 2021
449,,8,200,S 1-4 DTE,10%,70%,5.5%,-7.2%,1.31,May 16 2021
450,,8,200,S 1-4 DTE,20%,70%,10.6%,-12.9%,1.22,May 16 2021
451,,8,200,S 1-4 DTE,30%,70%,15.7%,-19.5%,1.24,May 16 2021
452,,8,200,S 1-4 DTE,50%,70%,25.7%,-31.4%,1.22,May 16 2021
453,,8,200,S 1-4 DTE,10%,80%,4.3%,-8.9%,2.07,May 16 2021
454,,8,200,S 1-4 DTE,20%,80%,7.4%,-16.8%,2.27,May 16 2021
455,,8,200,S 1-4 DTE,30%,80%,10.9%,-25.3%,2.32,May 16 2021
456,,8,200,S 1-4 DTE,50%,80%,17.5%,-40.7%,2.33,May 16 2021
457,,8,250,S 1-4 DTE,10%,-,3.5%,-3.5%,1.00,May 16 2021
458,,8,250,S 1-4 DTE,20%,-,7.5%,-6.7%,0.89,May 16 2021
459,,8,250,S 1-4 DTE,30%,-,10.6%,-11.5%,1.08,May 16 2021
460,,8,250,S 1-4 DTE,50%,-,18.7%,-17.9%,0.96,May 16 2021
461,,8,250,S 1-4 DTE,75%,-,28.3%,-25.5%,0.90,May 16 2021
462,,8,250,S 1-4 DTE,100%,-,37.5%,-33.5%,0.89,May 16 2021
463,,8,250,S 1-4 DTE,10%,70%,3.7%,-5.1%,1.38,May 16 2021
464,,8,250,S 1-4 DTE,20%,70%,7.9%,-11.2%,1.42,May 16 2021
465,,8,250,S 1-4 DTE,30%,70%,11.8%,-15.7%,1.33,May 16 2021
466,,8,250,S 1-4 DTE,50%,70%,19.6%,-25.6%,1.31,May 16 2021
467,,8,250,S 1-4 DTE,75%,70%,28.7%,-37.4%,1.30,May 16 2021
468,,8,250,S 1-4 DTE,100%,70%,36.7%,-48.0%,1.31,May 16 2021
469,,8,250,S 1-4 DTE,10%,80%,3.6%,-5.4%,1.50,May 16 2021
470,,8,250,S 1-4 DTE,20%,80%,6.5%,-14.1%,2.17,May 16 2021
471,,8,250,S 1-4 DTE,30%,80%,11.1%,-17.9%,1.61,May 16 2021
472,,8,250,S 1-4 DTE,50%,80%,18.5%,-28.3%,1.53,May 16 2021
473,,8,250,S 1-4 DTE,75%,80%,26.8%,-42.4%,1.58,May 16 2021
474,,8,250,S 1-4 DTE,100%,80%,33.9%,-55.3%,1.63,May 16 2021
475,,8,300,S 1-4 DTE,10%,-,3.6%,-3.4%,0.94,May 16 2021
476,,8,300,S 1-4 DTE,20%,-,6.2%,-6.1%,0.98,May 16 2021
477,,8,300,S 1-4 DTE,30%,-,9.9%,-8.2%,0.83,May 16 2021
478,,8,300,S 1-4 DTE,50%,-,16.7%,-14.2%,0.85,May 16 2021
479,,8,300,S 1-4 DTE,75%,-,24.5%,-21.3%,0.87,May 16 2021
480,,8,300,S 1-4 DTE,100%,-,33.4%,-27.8%,0.83,May 16 2021
481,,8,300,S 1-4 DTE,10%,70%,4.3%,-4.2%,0.98,May 16 2021
482,,8,300,S 1-4 DTE,20%,70%,8.1%,-7.9%,0.98,May 16 2021
483,,8,300,S 1-4 DTE,30%,70%,11.9%,-11.3%,0.95,May 16 2021
484,,8,300,S 1-4 DTE,50%,70%,20.0%,-18.9%,0.95,May 16 2021
485,,8,300,S 1-4 DTE,75%,70%,30.0%,-27.4%,0.91,May 16 2021
486,,8,300,S 1-4 DTE,100%,70%,39.0%,-36.6%,0.94,May 16 2021
487,,8,300,S 1-4 DTE,10%,80%,3.6%,-5.3%,1.47,May 16 2021
488,,8,300,S 1-4 DTE,20%,80%,6.1%,-10.1%,1.66,May 16 2021
489,,8,300,S 1-4 DTE,30%,80%,9.0%,-14.2%,1.58,May 16 2021
490,,8,300,S 1-4 DTE,50%,80%,15.4%,-22.5%,1.46,May 16 2021
491,,8,300,S 1-4 DTE,75%,80%,22.2%,-34.7%,1.56,May 16 2021
492,,8,300,S 1-4 DTE,100%,80%,28.7%,-45.9%,1.60,May 16 2021
493,,9,50,S 1-4 DTE,10%,-,3.5%,-27.9%,7.97,May 16 2021
494,,9,50,S 1-4 DTE,20%,-,3.6%,-50.8%,14.11,May 16 2021
495,,9,50,S 1-4 DTE,30%,-,0.3%,-69.2%,230.67,May 16 2021
496,,9,50,S 1-4 DTE,10%,70%,-0.1%,-36.1%,-,May 16 2021
497,,9,50,S 1-4 DTE,20%,70%,-3.7%,-63.5%,-,May 16 2021
498,,9,50,S 1-4 DTE,30%,70%,-12.3%,-82.7%,-,May 16 2021
499,,9,50,S 1-4 DTE,50%,70%,-36.8%,,-,May 16 2021
500,,9,50,S 1-4 DTE,10%,80%,3.3%,-25.9%,7.85,May 16 2021
501,,9,50,S 1-4 DTE,20%,80%,3.5%,-48.3%,13.80,May 16 2021
502,,9,50,S 1-4 DTE,30%,80%,-0.7%,-69.1%,-,May 16 2021
503,,9,100,S 1-4 DTE,10%,-,5.4%,-12.4%,2.30,May 16 2021
504,,9,100,S 1-4 DTE,20%,-,10.3%,-25.9%,2.51,May 16 2021
505,,9,100,S 1-4 DTE,30%,-,14.6%,-37.3%,2.55,May 16 2021
506,,9,100,S 1-4 DTE,10%,70%,3.4%,-17.7%,5.21,May 16 2021
507,,9,100,S 1-4 DTE,20%,70%,4.8%,-37.1%,7.73,May 16 2021
508,,9,100,S 1-4 DTE,30%,70%,5.5%,-52.7%,9.58,May 16 2021
509,,9,100,S 1-4 DTE,50%,70%,0.3%,-76.9%,256.33,May 16 2021
510,,9,100,S 1-4 DTE,10%,80%,6.1%,-14.3%,2.34,May 16 2021
511,,9,100,S 1-4 DTE,20%,80%,11.3%,-27.5%,2.43,May 16 2021
512,,9,100,S 1-4 DTE,30%,80%,16.4%,-38.7%,2.36,May 16 2021
513,,9,150,S 1-4 DTE,10%,-,4.9%,-8.0%,1.63,May 16 2021
514,,9,150,S 1-4 DTE,20%,-,10.0%,-16.0%,1.60,May 16 2021
515,,9,150,S 1-4 DTE,30%,-,14.7%,-23.9%,1.63,May 16 2021
516,,9,150,S 1-4 DTE,10%,70%,3.9%,-13.4%,3.44,May 16 2021
517,,9,150,S 1-4 DTE,20%,70%,7.5%,-24.6%,3.28,May 16 2021
518,,9,150,S 1-4 DTE,30%,70%,11.3%,-33.7%,2.98,May 16 2021
519,,9,150,S 1-4 DTE,50%,70%,15.1%,-55.1%,3.65,May 16 2021
520,,9,150,S 1-4 DTE,10%,80%,4.5%,-14.2%,3.16,May 16 2021
521,,9,150,S 1-4 DTE,20%,80%,8.8%,-24.8%,2.82,May 16 2021
522,,9,150,S 1-4 DTE,30%,80%,12.2%,-37.6%,3.08,May 16 2021
523,,9,200,S 1-4 DTE,10%,-,4.4%,-6.9%,1.57,May 16 2021
524,,9,200,S 1-4 DTE,20%,-,8.1%,-11.4%,1.41,May 16 2021
525,,9,200,S 1-4 DTE,30%,-,13.0%,-16.8%,1.29,May 16 2021
526,,9,200,S 1-4 DTE,10%,70%,5.5%,-7.9%,1.44,May 16 2021
527,,9,200,S 1-4 DTE,20%,70%,10.6%,-13.8%,1.30,May 16 2021
528,,9,200,S 1-4 DTE,30%,70%,15.2%,-21.2%,1.39,May 16 2021
529,,9,200,S 1-4 DTE,50%,70%,25.2%,-33.4%,1.33,May 16 2021
530,,9,200,S 1-4 DTE,10%,80%,4.2%,-9.8%,2.33,May 16 2021
531,,9,200,S 1-4 DTE,20%,80%,7.4%,-18.0%,2.43,May 16 2021
532,,9,200,S 1-4 DTE,30%,80%,10.4%,-26.8%,2.58,May 16 2021
533,,9,250,S 1-4 DTE,10%,-,3.5%,-4.3%,1.23,May 16 2021
534,,9,250,S 1-4 DTE,20%,-,7.4%,-8.1%,1.09,May 16 2021
535,,9,250,S 1-4 DTE,30%,-,11.0%,-13.2%,1.20,May 16 2021
536,,9,250,S 1-4 DTE,10%,70%,3.6%,-6.0%,1.67,May 16 2021
537,,9,250,S 1-4 DTE,20%,70%,7.2%,-13.5%,1.88,May 16 2021
538,,9,250,S 1-4 DTE,30%,70%,11.1%,-19.0%,1.71,May 16 2021
539,,9,250,S 1-4 DTE,50%,70%,18.0%,-30.9%,1.72,May 16 2021
540,,9,250,S 1-4 DTE,75%,70%,25.4%,-43.2%,1.70,May 16 2021
541,,9,250,S 1-4 DTE,100%,70%,30.0%,-57.4%,1.91,May 16 2021
542,,9,250,S 1-4 DTE,10%,80%,3.2%,-6.3%,1.97,May 16 2021
543,,9,250,S 1-4 DTE,20%,80%,6.0%,-15.6%,2.60,May 16 2021
544,,9,250,S 1-4 DTE,30%,80%,9.9%,-20.5%,2.07,May 16 2021
545,,9,300,S 1-4 DTE,10%,-,3.7%,-4.2%,1.14,May 16 2021
546,,9,300,S 1-4 DTE,20%,-,6.2%,-7.7%,1.24,May 16 2021
547,,9,300,S 1-4 DTE,30%,-,9.8%,-10.8%,1.10,May 16 2021
548,,9,300,S 1-4 DTE,10%,70%,3.8%,-6.2%,1.63,May 16 2021
549,,9,300,S 1-4 DTE,20%,70%,6.7%,-11.7%,1.75,May 16 2021
550,,9,300,S 1-4 DTE,30%,70%,10.0%,-16.4%,1.64,May 16 2021
551,,9,300,S 1-4 DTE,50%,70%,16.2%,-26.4%,1.63,May 16 2021
552,,9,300,S 1-4 DTE,75%,70%,24.3%,-37.3%,1.53,May 16 2021
553,,9,300,S 1-4 DTE,100%,70%,29.9%,-47.6%,1.59,May 16 2021
554,,9,300,S 1-4 DTE,10%,80%,3.8%,-5.9%,1.55,May 16 2021
555,,9,300,S 1-4 DTE,20%,80%,6.5%,-11.4%,1.75,May 16 2021
556,,9,300,S 1-4 DTE,30%,80%,10.0%,-16.1%,1.61,May 16 2021
557,,9,50,D 09:45 1-4 DTE,10%,-,3.5%,-36.9%,10.54,May 16 2021
558,,9,50,D 03:30 1-4 DTE,10%,-,2.7%,-34.9%,12.93,May 16 2021
559,,9,100,D 09:45 1-4 DTE,10%,-,6.7%,-22.2%,3.31,May 16 2021
560,,9,100,D 03:30 1-4 DTE,10%,-,6.7%,-16.7%,2.49,May 16 2021
561,,9,150,D 09:45 1-4 DTE,10%,-,6.4%,-14.5%,2.27,May 16 2021
562,,9,150,D 03:30 1-4 DTE,10%,-,6.1%,-10.6%,1.74,May 16 2021
563,,9,50,L 1-4 DTE,10%,80%,7.1%,-35.1%,4.94,-
564,,9,100,L 1-4 DTE,10%,80%,8.3%,-21.3%,2.57,-
565,,9,150,L 1-4 DTE,10%,80%,6.1%,-14.4%,2.36,-
566,,10,50,S 1-4 DTE,10%,-,4.2%,-28.5%,6.79,May 16 2021
567,,10,50,S 1-4 DTE,20%,-,5.3%,-51.4%,9.70,May 16 2021
568,,10,50,S 1-4 DTE,30%,-,2.3%,-69.0%,30.00,May 16 2021
569,,10,50,S 1-4 DTE,50%,-,-17.1%,,-,May 16 2021
570,,10,50,S 1-4 DTE,10%,70%,1.1%,-35.7%,32.45,May 16 2021
571,,10,50,S 1-4 DTE,20%,70%,-1.8%,-63.5%,-,May 16 2021
572,,10,50,S 1-4 DTE,30%,70%,-8.5%,-81.6%,-,May 16 2021
573,,10,50,S 1-4 DTE,50%,70%,-35.3%,,-,May 16 2021
574,,10,50,S 1-4 DTE,10%,80%,4.9%,-28.8%,5.88,May 16 2021
575,,10,50,S 1-4 DTE,20%,80%,6.4%,-53.2%,8.31,May 16 2021
576,,10,50,S 1-4 DTE,30%,80%,3.5%,-72.8%,20.80,May 16 2021
577,,10,50,S 1-4 DTE,50%,80%,-17.3%,,-,May 16 2021
578,,10,100,S 1-4 DTE,10%,-,6.1%,-13.0%,2.13,May 16 2021
579,,10,100,S 1-4 DTE,20%,-,11.3%,-26.6%,2.35,May 16 2021
580,,10,100,S 1-4 DTE,30%,-,15.4%,-39.8%,2.58,May 16 2021
581,,10,100,S 1-4 DTE,50%,-,20.5%,-60.0%,2.93,May 16 2021
582,,10,100,S 1-4 DTE,10%,70%,4.5%,-19.9%,4.42,May 16 2021
583,,10,100,S 1-4 DTE,20%,70%,8.1%,-37.3%,4.60,May 16 2021
584,,10,100,S 1-4 DTE,30%,70%,8.9%,-55.9%,6.28,May 16 2021
585,,10,100,S 1-4 DTE,50%,70%,4.0%,-81.2%,20.30,May 16 2021
586,,10,100,S 1-4 DTE,10%,80%,6.3%,-15.3%,2.43,May 16 2021
587,,10,100,S 1-4 DTE,20%,80%,11.9%,-29.3%,2.46,May 16 2021
588,,10,100,S 1-4 DTE,30%,80%,15.6%,-43.7%,2.80,May 16 2021
589,,10,100,S 1-4 DTE,50%,80%,16.8%,-67.4%,4.01,May 16 2021
590,,10,150,S 1-4 DTE,10%,-,5.4%,-9.1%,1.69,May 16 2021
591,,10,150,S 1-4 DTE,20%,-,11.1%,-16.4%,1.48,May 16 2021
592,,10,150,S 1-4 DTE,30%,-,16.0%,-25.0%,1.56,May 16 2021
593,,10,150,S 1-4 DTE,50%,-,25.6%,-40.4%,1.58,May 16 2021
594,,10,150,S 1-4 DTE,10%,70%,4.1%,-13.6%,3.32,May 16 2021
595,,10,150,S 1-4 DTE,20%,70%,8.3%,-24.6%,2.96,May 16 2021
596,,10,150,S 1-4 DTE,30%,70%,11.5%,-36.8%,3.20,May 16 2021
597,,10,150,S 1-4 DTE,50%,70%,15.3%,-58.0%,3.79,May 16 2021
598,,10,150,S 1-4 DTE,10%,80%,5.2%,-11.7%,2.25,May 16 2021
599,,10,150,S 1-4 DTE,20%,80%,10.6%,-20.6%,1.94,May 16 2021
600,,10,150,S 1-4 DTE,30%,80%,14.2%,-30.7%,2.16,May 16 2021
601,,10,150,S 1-4 DTE,50%,80%,20.3%,-47.5%,2.34,May 16 2021
602,,10,200,S 1-4 DTE,10%,-,5.0%,-6.9%,1.38,May 16 2021
603,,10,200,S 1-4 DTE,20%,-,9.7%,-11.7%,1.21,May 16 2021
604,,10,200,S 1-4 DTE,30%,-,14.7%,-17.5%,1.19,May 16 2021
605,,10,200,S 1-4 DTE,50%,-,23.2%,-30.5%,1.31,May 16 2021
606,,10,200,S 1-4 DTE,10%,70%,5.0%,-9.9%,1.98,May 16 2021
607,,10,200,S 1-4 DTE,20%,70%,9.2%,-17.4%,1.89,May 16 2021
608,,10,200,S 1-4 DTE,30%,70%,13.4%,-25.2%,1.88,May 16 2021
609,,10,200,S 1-4 DTE,50%,70%,20.4%,-41.0%,2.01,May 16 2021
610,,10,200,S 1-4 DTE,10%,80%,5.0%,-9.6%,1.92,May 16 2021
611,,10,200,S 1-4 DTE,20%,80%,9.0%,-17.3%,1.92,May 16 2021
612,,10,200,S 1-4 DTE,30%,80%,13.0%,-24.9%,1.92,May 16 2021
613,,10,200,S 1-4 DTE,50%,80%,20.5%,-40.3%,1.97,May 16 2021
614,,10,250,S 1-4 DTE,10%,-,3.9%,-4.4%,1.13,May 16 2021
615,,10,250,S 1-4 DTE,20%,-,8.5%,-8.4%,0.99,May 16 2021
616,,10,250,S 1-4 DTE,30%,-,12.4%,-14.1%,1.14,May 16 2021
617,,10,250,S 1-4 DTE,50%,-,21.3%,-22.5%,1.06,May 16 2021
618,,10,250,S 1-4 DTE,75%,-,30.8%,-33.9%,1.10,May 16 2021
619,,10,250,S 1-4 DTE,100%,-,40.5%,-43.5%,1.07,May 16 2021
620,,10,250,S 1-4 DTE,10%,70%,3.6%,-7.1%,1.97,May 16 2021
621,,10,250,S 1-4 DTE,20%,70%,7.2%,-14.6%,2.03,May 16 2021
622,,10,250,S 1-4 DTE,30%,70%,10.6%,-22.2%,2.09,May 16 2021
623,,10,250,S 1-4 DTE,50%,70%,17.0%,-35.7%,2.10,May 16 2021
624,,10,250,S 1-4 DTE,75%,70%,22.7%,-52.3%,2.30,May 16 2021
625,,10,250,S 1-4 DTE,100%,70%,26.7%,-65.9%,2.47,May 16 2021
626,,10,250,S 1-4 DTE,10%,80%,3.7%,-6.5%,1.76,May 16 2021
627,,10,250,S 1-4 DTE,20%,80%,6.9%,-13.9%,2.01,May 16 2021
628,,10,250,S 1-4 DTE,30%,80%,11.4%,-20.5%,1.80,May 16 2021
629,,10,250,S 1-4 DTE,50%,80%,17.5%,-32.9%,1.88,May 16 2021
630,,10,250,S 1-4 DTE,75%,80%,25.0%,-46.1%,1.84,May 16 2021
631,,10,250,S 1-4 DTE,100%,80%,28.8%,-60.7%,2.11,May 16 2021
632,,10,300,S 1-4 DTE,10%,-,4.0%,-4.4%,1.10,May 16 2021
633,,10,300,S 1-4 DTE,20%,-,7.1%,-7.7%,1.08,May 16 2021
634,,10,300,S 1-4 DTE,30%,-,10.8%,-11.5%,1.06,May 16 2021
635,,10,300,S 1-4 DTE,50%,-,18.4%,-18.1%,0.98,May 16 2021
636,,10,300,S 1-4 DTE,75%,-,27.7%,-26.9%,0.97,May 16 2021
637,,10,300,S 1-4 DTE,100%,-,35.9%,-36.5%,1.02,May 16 2021
638,,10,300,S 1-4 DTE,10%,70%,3.8%,-6.8%,1.79,May 16 2021
639,,10,300,S 1-4 DTE,20%,70%,6.3%,-13.2%,2.10,May 16 2021
640,,10,300,S 1-4 DTE,30%,70%,9.9%,-18.0%,1.82,May 16 2021
641,,10,300,S 1-4 DTE,50%,70%,16.1%,-28.4%,1.76,May 16 2021
642,,10,300,S 1-4 DTE,75%,70%,22.4%,-41.4%,1.85,May 16 2021
643,,10,300,S 1-4 DTE,100%,70%,27.6%,-54.1%,1.96,May 16 2021
644,,10,300,S 1-4 DTE,10%,80%,3.8%,-6.5%,1.71,May 16 2021
645,,10,300,S 1-4 DTE,20%,80%,6.3%,-12.1%,1.92,May 16 2021
646,,10,300,S 1-4 DTE,30%,80%,9.9%,-16.9%,1.71,May 16 2021
647,,10,300,S 1-4 DTE,50%,80%,16.1%,-26.9%,1.67,May 16 2021
648,,10,300,S 1-4 DTE,75%,80%,22.6%,-39.4%,1.74,May 16 2021
649,,10,300,S 1-4 DTE,100%,80%,28.5%,-49.9%,1.75,May 16 2021
650,,13,70,S 1-4 DTE,10%,-,5.1%,-27.4%,5.37,May 16 2021
651,,13,70,S 1-4 DTE,20%,-,7.4%,-49.4%,6.68,May 16 2021
652,,13,70,S 1-4 DTE,30%,-,6.2%,-67.3%,10.85,May 16 2021
653,,13,70,S 1-4 DTE,10%,80%,3.1%,-33.1%,10.68,May 16 2021
654,,13,70,S 1-4 DTE,20%,80%,2.8%,-59.9%,21.39,May 16 2021
655,,13,70,S 1-4 DTE,30%,80%,-1.4%,-78.9%,-,May 16 2021
