,Date,Open,High,Low,Close,Adj Close,Volume,pct monthly return,Portfolio Value Reg,Portfolio Value (Worst Case)
0,1995-12-01,2126.600098,2287.600098,2116.600098,2266.5,2266.5,24393900.0,0.0,10833.333333333334,10000.0
1,1996-01-01,2266.5,2449.199951,2255.800049,2449.199951,2449.199951,48444300.0,8.060884667990296,12607.103211265534,10806.088466799029
2,1996-02-01,2451.899902,2504.0,2400.0,2438.5,2438.5,29454100.0,-0.436875355792462,13381.71858962459,10758.879329362451
3,1996-03-01,2438.5,2438.5,2282.100098,2387.300049,2387.300049,26639200.0,-2.0996494156243615,13916.58566832684,10532.980582395763
4,1996-04-01,2387.300049,2417.0,2360.300049,2415.699951,2415.699951,17563500.0,1.1896243210775435,14925.38762544316,10658.283481138318
5,1996-05-01,2406.199951,2417.399902,2309.100098,2332.899902,2332.899902,41784900.0,-3.427580025645326,15218.578186896288,10292.962285462167
6,1996-06-01,2332.399902,2347.5,2267.600098,2296.199951,2296.199951,35422900.0,-1.5731472648499452,15799.391313192995,10131.038830796382
7,1996-07-01,2301.899902,2301.899902,2083.199951,2111.800049,2111.800049,25503500.0,-8.030655253680916,15297.00787086978,9317.450028678579
8,1996-08-01,2111.800049,2182.600098,2092.699951,2153.5,2153.5,19471600.0,1.974616442486883,16448.853573850545,9501.433928965365
9,1996-09-01,2153.5,2208.300049,2094.5,2177.199951,2177.199951,24043000.0,1.1005317390294893,17472.382859295834,9606.000225016545
10,1996-10-01,2175.699951,2177.300049,2035.0,2083.199951,2083.199951,19813400.0,-4.317472079531568,17515.372007054113,9191.263847341716
11,1996-11-01,2086.699951,2221.199951,2062.699951,2188.100098,2188.100098,36213600.0,5.035529448320337,19272.65980118818,9654.092645047427
12,1996-12-01,2190.300049,2219.600098,2154.5,2216.800049,2216.800049,17982400.0,1.3116379376899996,20369.710968223244,9780.71938671961
13,1997-01-01,2216.800049,2278.899902,2209.5,2216.5,2216.5,35283400.0,-0.01353523066436672,21200.174420602492,9779.395543789982
14,1997-02-01,2214.899902,2270.899902,2190.5,2195.699951,2195.699951,32628500.0,-0.9384186329799208,21826.741211673816,9687.62387381425
15,1997-03-01,2195.699951,2202.899902,2065.600098,2073.0,2073.0,22455300.0,-5.588193001694886,21393.785845104216,9146.26075446724
16,1997-04-01,2072.5,2114.100098,1981.9000239999998,2004.300049,2004.300049,32143000.0,-3.3140352629040066,21490.50461093643,8843.150447827045
17,1997-05-01,2004.300049,2118.800049,2004.300049,2065.5,2065.5,26260000.0,3.0534325951114147,23005.481288539944,9113.170086035738
18,1997-06-01,2065.300049,2066.699951,1968.699951,1988.0,1988.0,20465900.0,-3.7521181312030985,22944.354136182075,8771.233178910214
19,1997-07-01,1987.0999760000002,2009.5999760000002,1913.5999760000002,1967.0999760000002,1967.0999760000002,33126900.0,-1.0513090543259458,23527.710488239067,8679.020410324289
20,1997-08-01,1966.4000239999998,1974.199951,1735.699951,1805.5999760000002,1805.5999760000002,44699300.0,-8.210055511687932,22360.988600594683,7966.468016765939
21,1997-09-01,1805.5999760000002,1954.699951,1772.199951,1954.699951,1954.699951,42129000.0,8.257641613969529,25109.62591402212,26957.643728215313
22,1997-10-01,1954.800049,1954.800049,1486.699951,1586.099976,1586.099976,55680700.0,-18.857112817311368,21050.866153932522,21874.210437496888
23,1997-11-01,1587.400024,1768.5,1587.400024,1660.599976,1660.599976,51456900.0,4.697055742216341,22912.112535920554,22901.654294915825
24,1997-12-01,1665.0,1758.4000239999998,1509.300049,1529.800049,1529.800049,60161000.0,-7.876666800578108,21875.09621782112,23597.767294285022
25,1998-01-01,1530.199951,1531.300049,1031.300049,1259.900024,1259.900024,91190700.0,-17.642830197085445,18702.019885019497,19434.45328025095
26,1998-02-01,1264.699951,1636.800049,1264.699951,1615.400024,1615.400024,83834900.0,28.21652458354108,25047.550961690937,24918.18056774976
27,1998-03-01,1616.0,1700.5,1532.599976,1629.199951,1629.199951,72290100.0,0.8542730466122629,26101.977713781565,25131.04986804622
28,1998-04-01,1629.5,1629.5,1449.719971,1493.400024,1493.400024,99003500.0,-8.335375097246121,24690.1518377279,26369.61592900192
29,1998-05-01,1494.97998,1497.969971,1254.48999,1254.930054,1254.930054,549392500.0,-15.96825808006014,21447.829187920295,22992.180936071578
30,1998-06-01,1254.050049,1254.050049,1031.609985,1066.660034,1066.660034,605541000.0,-15.002431362600863,18938.446407213003,19542.79477237244
31,1998-07-01,1070.01001,1137.550049,1034.52002,1064.199951,1064.199951,523303500.0,-0.2306342153623748,19726.17925147855,21164.389067655964
32,1998-08-01,1064.199951,1100.73999,848.570007,856.429993,856.429993,387428400.0,-19.52358274446116,16545.559133458228,17032.34205567246
33,1998-09-01,826.929993,964.080017,800.27002,939.650024,939.650024,154256200.0,9.717085071774228,19067.61423232186,18687.38922293773
34,1998-10-01,938.080017,1215.76001,881.6199949999999,1204.619995,1204.619995,256048500.0,28.19879361808008,25512.774697736633,23957.00754252128
35,1998-11-01,1210.839966,1438.849976,1158.459961,1416.550049,1416.550049,630206400.0,17.59310445448815,30981.206336668394,28171.78890364665
36,1998-12-01,1408.180054,1452.910034,1318.439941,1392.72998,1392.72998,3753813100.0,-1.6815550581368748,31279.56066895785,27698.064762369737
37,1999-01-01,1399.569946,1581.099976,1382.949951,1428.140015,1428.140015,865098300.0,2.542491043382284,32929.361456070284,28402.28557814321
38,1999-02-01,1427.349976,1428.719971,1280.329956,1411.910034,1411.910034,1102524500.0,-1.1364418635101372,33379.00139156768,28079.510114639488
39,1999-03-01,1414.560059,1526.880005,1409.619995,1518.310059,1518.310059,1470987200.0,7.5358926870548695,36790.53955550557,30195.55186392944
40,1999-04-01,1519.579956,1904.4200440000002,1513.540039,1886.189941,1886.189941,2271489300.0,24.229562322882575,46739.972618722255,37511.80192153856
41,1999-05-01,1892.430054,1995.160034,1855.5100100000002,1903.859985,1903.859985,3075874400.0,0.9368114852013179,48018.97814610441,37863.216790245504
42,1999-06-01,1909.969971,2213.340088,1902.819946,2167.699951,2167.699951,3023102000.0,13.858160162970176,55622.34304757129,43110.362015890336
43,1999-07-01,2184.48999,2247.429932,1936.609985,2145.77002,2145.77002,1801930300.0,-1.0116681965086285,55884.53225783518,42674.22819397584
44,1999-08-01,2147.310059,2168.850098,1968.22998,2117.169922,2117.169922,1326801400.0,-1.332859427311781,55961.896172666595,42105.44072045989
45,1999-09-01,2116.709961,2157.090088,1986.359985,2021.930054,2021.930054,1713001000.0,-4.498451778024084,54240.32349445442,40211.34777372549
46,1999-10-01,2021.140015,2136.830078,1978.7600100000002,2047.1500239999998,2047.1500239999998,1419435000.0,1.2473215851412374,55760.60243712737,40712.91259418338
47,1999-11-01,2054.02002,2276.689941,2048.5,2237.1298829999996,2237.1298829999996,1909911400.0,9.280211844405589,61845.97290104629,44491.15713095128
48,1999-12-01,2233.219971,2497.0,2197.889893,2479.580078,2479.580078,1623227500.0,10.837555603829033,69472.2108996248,63479.57769047175
49,2000-01-01,2502.280029,2582.939941,2223.409912,2230.280029,2230.280029,2571265800.0,-10.054123728929232,63236.93782747945,57097.262406869966
50,2000-02-01,2241.780029,2285.679932,2055.340088,2120.5,2120.5,2926576600.0,-4.922253150839652,60916.570219848174,54286.79060900462
51,2000-03-01,2129.169922,2234.649902,2015.199951,2132.590088,2132.590088,2276657300.0,0.570152699834941,62101.972295435444,54596.308211315605
52,2000-04-01,2135.76001,2194.1298829999996,1981.290039,2164.110107,2164.110107,1670549300.0,1.4780158257961502,63865.499405975155,58736.583620312624
53,2000-05-01,2172.01001,2186.8798829999996,1782.430054,1795.130005,1795.130005,1646430000.0,-17.04996898293216,53667.701824937234,48722.01433141531
54,2000-06-01,1809.72998,2094.189941,1809.069946,2037.969971,2037.969971,1579063800.0,13.5277091532989,61873.77668001859,55312.98672379778
55,2000-07-01,2044.130005,2158.939941,2008.660034,2051.209961,2051.209961,1453383800.0,0.6496656078550254,63114.49654078849,55672.33617521971
56,2000-08-01,2058.530029,2221.1298829999996,2043.7600100000002,2147.77002,2147.77002,1387936800.0,4.707468315575322,66958.15370394412,58293.09376120875
57,2000-09-01,2158.77002,2195.51001,1915.2600100000002,1997.030029,1997.030029,1299757900.0,-7.018441900031733,63033.58090639858,54201.82684384729
58,2000-10-01,1970.930054,2003.589966,1796.660034,1976.540039,1976.540039,1156192400.0,-1.0260231294699294,63211.62492755354,53645.70356383417
59,2000-11-01,2018.430054,2069.469971,1901.72998,1952.22998,1952.22998,2256126600.0,-1.2299300049747137,63257.2501025627,52985.89895932279
60,2000-12-01,1923.0100100000002,2021.640015,1891.7399899999998,1926.8299559999998,1926.8299559999998,3886159100.0,-1.3010774478527503,63256.715308614344,52296.511377421
61,2001-01-01,1922.810059,1991.290039,1846.930054,1991.290039,1991.290039,1837106300.0,3.345395518648464,66234.11425711503,54046.03652545073
62,2001-02-01,1984.430054,2000.3299559999998,1912.140015,1947.4000239999998,1947.4000239999998,1691562900.0,-2.2040995606065086,65589.21427279728,61188.14140520137
63,2001-03-01,1935.75,1935.7600100000002,1622.27002,1674.189941,1674.189941,2059781300.0,-14.02947928689148,57103.81004790289,52603.763780724774
64,2001-04-01,1666.900024,1722.719971,1558.040039,1722.719971,1722.719971,1793031300.0,2.898717093653825,59616.57726000285,54128.59807334193
65,2001-05-01,1735.75,1754.3499760000002,1637.099976,1657.050049,1657.050049,2125968000.0,-3.811990521122254,58145.56573149133,52065.22104556977
66,2001-06-01,1663.47998,1726.5,1645.469971,1726.5,1726.5,2245859300.0,4.191180045642668,61450.81091356933,54247.36820075144
67,2001-07-01,1728.060059,1728.109985,1618.550049,1666.030029,1666.030029,1410874600.0,-3.5024599478714156,60102.66704078044,52347.37585674579
68,2001-08-01,1669.079956,1684.8299559999998,1607.880005,1619.119995,1619.119995,1717397200.0,-2.81567757984271,59220.23907352699,55873.4425311114
69,2001-09-01,1622.209961,1625.959961,1197.849976,1319.530029,1319.530029,2412257800.0,-18.503258987917075,48941.70437292266,45535.03475411485
70,2001-10-01,1329.540039,1442.069946,1318.339966,1367.839966,1367.839966,2030310200.0,3.6611472219856536,51597.37511648089,47202.13941404533
71,2001-11-01,1370.040039,1502.5,1323.050049,1478.540039,1478.540039,2734348600.0,8.093057356974462,56673.95575732575,51022.23563054306
72,2001-12-01,1479.800049,1650.98999,1477.77002,1623.599976,1623.599976,2508451600.0,9.811025279918036,63149.34376113919,56028.04006663499
73,2002-01-01,1622.310059,1793.050049,1606.089966,1786.890015,1786.890015,3435663400.0,10.057282668991613,70417.59578905179,61662.93843003235
74,2002-02-01,1804.959961,1808.140015,1660.160034,1715.5799559999998,1715.5799559999998,1887160100.0,-3.9907357700468284,68407.49280740738,59202.1334892431
75,2002-03-01,1716.959961,1848.9899899999998,1716.6500239999998,1803.219971,1803.219971,2394010000.0,5.108477438984498,72777.97812270693,62226.46112193857
76,2002-04-01,1806.619995,1808.160034,1703.0100100000002,1725.369995,1725.369995,1828316600.0,-4.3172756098540335,70433.30826045494,59539.97329304581
77,2002-05-01,1737.540039,1761.699951,1668.109985,1671.839966,1671.839966,1658885800.0,-3.10252462689894,69055.57648757719,57692.73095878001
78,2002-06-01,1676.709961,1681.209961,1520.099976,1552.97998,1552.97998,1567934000.0,-7.10953131981772,64920.13588811372,53591.04818200738
79,2002-07-01,1551.459961,1665.150024,1490.599976,1508.359985,1508.359985,2142821600.0,-2.8731854611544967,63864.25010357174,52051.27797716164
80,2002-08-01,1510.400024,1554.540039,1441.920044,1488.5,1488.5,1965018600.0,-1.316660823510248,63845.73570203349,51365.93919189993
81,2002-09-01,1485.160034,1485.959961,1326.359985,1352.300049,1352.300049,1901007800.0,-9.150147866980184,58760.838579644565,46665.87980257796
82,2002-10-01,1345.689941,1485.920044,1345.5,1463.369995,1463.369995,2641720600.0,8.213409892437271,64488.8855241945,50498.73979067578
83,2002-11-01,1454.300049,1456.089966,1381.099976,1391.530029,1391.530029,2226594200.0,-4.909214091136262,62115.41128473121,48019.648541025694
84,2002-12-01,1393.109985,1400.640015,1325.089966,1341.030029,1341.030029,1927161000.0,-3.629098829889499,60664.27246370024,46276.96803770628
85,2003-01-01,1338.02002,1406.310059,1280.400024,1291.439941,1291.439941,2390093600.0,-3.697910332177947,59223.47947822301,44565.68725522126
86,2003-02-01,1299.790039,1323.5,1268.160034,1273.849976,1273.849976,1642709600.0,-1.362042820696694,59238.813304317286,43958.683511467374
87,2003-03-01,1278.349976,1338.709961,1205.310059,1267.819946,1267.819946,2326554200.0,-0.47337049994966574,59787.78281678148,43750.59607155785
88,2003-04-01,1260.030029,1344.27002,1225.069946,1281.329956,1281.329956,2745888000.0,1.06560951676335,61267.100532978606,44216.80658693706
89,2003-05-01,1278.530029,1364.75,1277.76001,1349.0,1349.0,3631517200.0,5.281234835970693,65380.10361294855,46551.99997976016
90,2003-06-01,1366.959961,1523.27002,1365.150024,1447.890015,1447.890015,4633502600.0,7.330616382505556,71067.29000248601,49964.54851666045
91,2003-07-01,1448.959961,1605.599976,1442.390015,1558.869995,1558.869995,4429425000.0,7.6649454620349795,77411.76690137309,53794.30391081448
92,2003-08-01,1565.599976,1642.22998,1496.439941,1599.25,1599.25,3482809000.0,2.5903382019999674,80271.91295727919,55187.75831551627
93,2003-09-01,1608.589966,1647.359985,1556.5,1630.800049,1630.800049,4263485000.0,1.9728028138189742,82705.29287158852,56276.50396444839
94,2003-10-01,1621.060059,1804.949951,1621.02002,1723.709961,1723.709961,4392919000.0,5.697198259036849,88297.98736269196,59482.68796855775
95,2003-11-01,1731.77002,1795.800049,1643.680054,1714.0,1714.0,3229535600.0,-0.563317566162166,88629.22830959223,59147.611538405436
96,2003-12-01,1723.6500239999998,1772.160034,1704.219971,1764.52002,1764.52002,2192267400.0,2.947492415402563,92099.46386197563,60890.982902391705
97,2004-01-01,1768.780029,1912.930054,1768.77002,1848.359985,1848.359985,4183884600.0,4.751431780297972,97348.43565556673,63784.17641535175
98,2004-02-01,1835.119995,1902.869995,1817.459961,1888.630005,1888.630005,2833081200.0,2.178689234067136,100320.8446196779,65173.835399951415
99,2004-03-01,1898.089966,1904.939941,1793.7600100000002,1858.9200440000002,1858.9200440000002,3446513400.0,-1.57309589074329,99562.92573631725,64148.58847343498
100,2004-04-01,1856.800049,1906.27002,1794.050049,1842.030029,1842.030029,2756324000.0,-0.9085928711412709,99484.06581685122,63565.7389716276
101,2004-05-01,1841.390015,1882.380005,1690.3499760000002,1788.660034,1788.660034,3008931600.0,-2.8973466316927246,97410.85636490493,61724.01917462256
102,2004-06-01,1787.380005,1844.890015,1767.2600100000002,1838.0,1838.0,2304230600.0,2.7584876422637175,100954.24353030628,63426.66861586301
103,2004-07-01,1840.310059,1895.97998,1830.280029,1891.709961,1891.709961,2739584200.0,2.9221959194776943,104762.0092812841,65280.1201380164
104,2004-08-01,1886.97998,1942.800049,1861.569946,1918.339966,1918.339966,3562003000.0,1.4077213499432422,107081.83079714912,66199.08232646786
105,2004-09-01,1921.47998,2007.97998,1920.569946,1984.7399899999998,1984.7399899999998,3231401200.0,3.4613272504796373,111650.46111393065,68490.44920260133
106,2004-10-01,1986.959961,2021.910034,1932.180054,1980.689941,1980.689941,2838350200.0,-0.20405942442867378,112254.26066373936,68350.6879861699
107,2004-11-01,1988.800049,2050.780029,1974.790039,2027.660034,2027.660034,2948880600.0,2.371400592678625,115769.35387136527,69971.55660617385
108,2004-12-01,2029.280029,2076.590088,1999.140015,2066.139893,2066.139893,2455976200.0,1.8977470756816244,118815.51129129196,71299.43977547642
109,2005-01-01,2065.149902,2101.649902,2061.98999,2096.320068,2096.320068,2771060400.0,1.4607033677752992,121396.55932756144,72340.91309348174
110,2005-02-01,2097.659912,2172.929932,2089.550049,2119.399902,2119.399902,2561600300.0,1.100968995732579,123575.60588260842,73137.36411787082
111,2005-03-01,2120.939941,2191.290039,2114.959961,2141.429932,2141.429932,3247833600.0,1.0394465895374896,125702.10369170163,73897.58795487165
112,2005-04-01,2141.3798829999996,2186.26001,2107.669922,2125.25,2125.25,2750856000.0,-0.755566724748667,125579.37736785848,73339.24236989276
113,2005-05-01,2146.040039,2187.780029,2137.169922,2161.77002,2161.77002,3129933600.0,1.7183870132925505,128584.97030503217,74599.49438642414
114,2005-06-01,2169.459961,2230.560059,2167.75,2212.659912,2212.659912,3494082800.0,2.354084455292804,132464.9198066199,76355.62948750198
115,2005-07-01,2212.909912,2362.659912,2207.949951,2352.560059,2352.560059,4450411800.0,6.322713501576732,141726.319788599,81183.37718232218
116,2005-08-01,2353.570068,2399.75,2258.959961,2275.429932,2275.429932,4186729000.0,-3.2785614422437113,137885.7473024803,78521.73028051128
117,2005-09-01,2289.580078,2325.110107,2281.3798829999996,2305.139893,2305.139893,3201718600.0,1.3056856017485148,140530.31569855337,79546.97720702772
118,2005-10-01,2302.030029,2356.02002,2190.070068,2216.77002,2216.77002,3839925800.0,-3.833601304127016,135944.33033903877,76497.46325142549
119,2005-11-01,2206.110107,2322.76001,2206.110107,2300.25,2300.25,3298585000.0,3.7658385509923162,141928.4896600929,79378.23421307885
120,2005-12-01,2299.399902,2355.919922,2298.159912,2347.340088,2347.340088,2658882300.0,2.0471726116726408,145684.40393367223,81003.24368351836
121,2006-01-01,2354.590088,2440.709961,2352.189941,2412.080078,2412.080078,4063829600.0,2.7580149263824967,150558.71833062748,83237.3252351638
122,2006-02-01,2425.669922,2490.459961,2415.030029,2481.959961,2481.959961,3648277400.0,2.8970797295395623,155778.0001048515,85648.77691196265
123,2006-03-01,2472.030029,2541.290039,2470.560059,2533.399902,2533.399902,4671712200.0,2.0725532163409497,159857.18666651237,87423.89339260821
124,2006-04-01,2542.77002,2620.350098,2531.73999,2610.709961,2610.709961,4035979200.0,3.0516326671903338,165594.20440123903,90091.7494823067
125,2006-05-01,2613.8701170000004,2666.330078,2368.719971,2383.8701170000004,2383.8701170000004,5069128000.0,-8.688818267392346,151966.95143391957,82263.84109587468
126,2006-06-01,2394.360107,2446.26001,2277.909912,2435.389893,2435.389893,4196738200.0,2.1611821731644967,156102.57728218738,84041.7125645991
127,2006-07-01,2435.350098,2456.52002,2319.030029,2445.429932,2445.429932,3786575100.0,0.4122559196315092,157582.88819706082,84388.17949960635
128,2006-08-01,2436.639893,2492.27002,2427.050049,2482.389893,2482.389893,3959140800.0,1.5113890819914944,160810.50700670798,85663.61323105478
129,2006-09-01,2489.209961,2576.26001,2480.169922,2568.860107,2568.860107,2957129500.0,3.483345394042818,167274.4536072801,88647.57275690939
130,2006-10-01,2571.449951,2754.330078,2569.800049,2701.75,2701.75,3841415200.0,5.17310742760505,176804.18335322078,93233.40692758864
131,2006-11-01,2707.419922,2860.209961,2698.080078,2838.530029,2838.530029,4316647400.0,5.062645655593597,186630.6747077903,97953.48395297011
132,2006-12-01,2843.639893,2991.350098,2826.310059,2985.830078,2985.830078,3100344500.0,5.189307405421144,197192.09169290095,103036.5913496096
133,2007-01-01,3015.73999,3173.97998,2948.97998,3125.560059,3125.560059,4366234200.0,4.679770025412678,207292.55950930808,107858.4668667956
134,2007-02-01,3151.27002,3316.219971,3039.600098,3104.149902,3104.149902,5632680600.0,-0.6850022586623986,206700.22577580804,107119.6339325994
135,2007-03-01,3133.8798829999996,3250.860107,2931.6298829999996,3231.23999,3231.23999,7346957000.0,4.094199443078311,216030.39693038847,111505.32538849542
136,2007-04-01,3240.070068,3452.8400880000004,3231.1201170000004,3361.290039,3361.290039,6068705800.0,4.024772205174396,225592.00140248044,115993.16073202084
137,2007-05-01,3395.570068,3559.01001,3381.290039,3511.1298829999996,3511.1298829999996,6213081500.0,4.457807635207158,236518.94059571024,121163.91270745097
138,2007-06-01,3547.639893,3652.0200200000004,3480.6201170000004,3548.1999509999996,3548.1999509999996,7226017600.0,1.055787431262052,239858.20940500108,122443.14606904156
139,2007-07-01,3553.4799799999996,3688.580078,3444.0500490000004,3547.6599119999996,3547.6599119999996,6670059900.0,-0.015220083632766468,240654.90928423265,122424.51011980727
140,2007-08-01,3516.030029,3525.290039,2962.01001,3392.9099119999996,3392.9099119999996,7646626400.0,-4.36203029147626,230954.4523242341,117084.31590418985
141,2007-09-01,3390.8400880000004,3726.530029,3368.600098,3706.2299799999996,3706.2299799999996,5617811900.0,9.234553115950813,253192.3518404017,127896.52924680989
142,2007-10-01,3734.9399409999996,3906.1599119999996,3632.9799799999996,3805.6999509999996,3805.6999509999996,6383874800.0,2.6838585715611742,260843.37529923732,131329.09120972964
143,2007-11-01,3837.7700200000004,3842.9499509999996,3306.530029,3521.2700200000004,3521.2700200000004,5219450200.0,-7.473787599184255,242119.54723283608,121513.83387677549
144,2007-12-01,3549.469971,3621.8400880000004,3300.860107,3482.3000490000004,3482.3000490000004,3716838000.0,-1.106702149470491,240264.11581474313,183502.37099869055
145,2008-01-01,3462.6899409999996,3474.899902,2746.72998,2981.75,2981.75,1125522000.0,-14.374121757363831,206441.80825363362,157125.51676368926
146,2008-02-01,3015.899902,3129.27002,2859.080078,3026.449951,3026.449951,0.0,1.4991180011738092,210382.4405464557,159481.0136699311
147,2008-03-01,3026.449951,3058.929932,2745.959961,3007.360107,3007.360107,0.0,-0.6307668822903355,209883.4947279821,158475.06025216024
148,2008-04-01,3007.360107,3235.23999,2994.840088,3147.790039,3147.790039,0.0,4.669541624667166,220556.33805781693,165875.11915535125
149,2008-05-01,3147.790039,3269.8798829999996,3085.1298829999996,3192.6201170000004,3192.6201170000004,0.0,1.4241762457016407,224542.65050153996,168237.47319989104
150,2008-06-01,3192.6201170000004,3214.639893,2922.8701170000004,2947.540039,2947.540039,0.0,-7.676455983441402,208075.09563854124,155322.7976220474
151,2008-07-01,2947.540039,2997.820068,2819.649902,2929.649902,2929.649902,0.0,-0.6069514497950427,207640.45623348575,154380.06365001816
152,2008-08-01,2929.649902,2929.649902,2688.320068,2739.949951,2739.949951,0.0,-6.475174759635838,194974.74736433208,151050.3514013091
153,2008-09-01,2739.949951,2763.419922,2239.75,2358.909912,2358.909912,0.0,-13.906824789297033,168577.39399175576,130877.3770216449
154,2008-10-01,2358.909912,2398.669922,1473.77002,1794.199951,1794.199951,0.0,-23.93944584857889,128854.73799541575,99546.05822150779
155,2008-11-01,1794.199951,1933.5100100000002,1570.22998,1732.569946,1732.569946,0.0,-3.4349574564223126,125233.34125255192,96126.69347205361
156,2008-12-01,1732.569946,1844.030029,1638.670044,1761.560059,1761.560059,0.0,1.673243442028391,128176.07695097686,97735.12706661348
157,2009-01-01,1761.560059,1959.949951,1677.060059,1746.469971,1746.469971,0.0,-0.8566320474231371,127904.2743316232,96897.89664657114
158,2009-02-01,1746.469971,1746.930054,1567.219971,1594.869995,1594.869995,0.0,-8.680365452444413,117562.7128449042,88486.80510191688
159,2009-03-01,1594.869995,1779.040039,1455.469971,1699.9899899999998,1699.9899899999998,0.0,6.5911325267612035,126199.68648829056,94319.0876948811
160,2009-04-01,1699.9899899999998,1947.300049,1689.869995,1920.280029,1920.280029,0.0,12.958313889836507,143494.35727384815,106541.25113641395
161,2009-05-01,1920.280029,2347.3701170000004,1920.280029,2329.080078,2329.080078,0.0,21.288564314908047,175052.98384631283,129222.35390649713
162,2009-06-01,2329.080078,2424.52002,2211.810059,2333.139893,2333.139893,0.0,0.1743098074792803,176192.90428050442,129447.60114281173
163,2009-07-01,2333.139893,2659.449951,2235.449951,2659.199951,2659.199951,0.0,13.975161068492348,201765.93945386357,147538.1119018192
164,2009-08-01,2659.199951,2700.780029,2521.360107,2592.899902,2592.899902,0.0,-2.4932329355326446,197548.0009909169,143859.64310342007
165,2009-09-01,2592.899902,2707.23999,2560.149902,2672.570068,2672.570068,0.0,3.0726279074077376,204476.854565785,148279.91464491293
166,2009-10-01,2672.570068,2739.550049,2576.840088,2651.1298829999996,2651.1298829999996,0.0,-0.8022309782151007,203663.12597035998,147090.36723516052
167,2009-11-01,2651.1298829999996,2803.850098,2616.48999,2732.1201170000004,2732.1201170000004,0.0,3.054932710741158,210743.68853126932,151583.87897817674
168,2009-12-01,2732.1201170000004,2897.6201170000004,2732.1201170000004,2897.6201170000004,2897.6201170000004,0.0,6.057566758145574,224393.44120894722,160766.1736418664
169,2010-01-01,2897.6201170000004,2947.080078,2706.26001,2745.350098,2745.350098,0.0,-5.255002824788868,213391.10117790286,152317.90667568133
170,2010-02-01,2745.350098,2797.0,2665.969971,2750.860107,2750.860107,0.0,0.20070332756518552,214654.39007975796,152623.61378285705
171,2010-03-01,2750.860107,2937.800049,2749.73999,2887.459961,2887.459961,0.0,4.96571431067687,226188.22813236696,160202.46641394458
172,2010-04-01,2887.459961,3037.969971,2887.459961,2974.610107,2974.610107,0.0,3.0182287261852685,233873.5914484924,165037.74327530756
173,2010-05-01,2974.610107,2974.610107,2648.149902,2752.600098,2752.600098,0.0,-7.463499450820635,217189.5747396962,152720.15221230822
174,2010-06-01,2752.600098,2890.090088,2710.800049,2835.51001,2835.51001,0.0,3.0120580196244724,224589.88456026174,157320.17180460176
175,2010-07-01,2835.51001,3018.26001,2814.439941,2987.699951,2987.699951,0.0,5.367286324621372,237522.32744011946,165763.995871741
176,2010-08-01,3025.040039,3043.280029,2910.209961,2950.330078,2950.330078,0.0,-1.250790695614939,235374.33034602695,163690.63523469775
177,2010-09-01,2950.330078,3125.719971,2950.330078,3097.6298829999996,3097.6298829999996,0.0,4.992655096403747,248000.69763814408,171863.14407707856
178,2010-10-01,3097.6298829999996,3220.709961,3097.6298829999996,3142.6201170000004,3142.6201170000004,0.0,1.4524083153675074,252448.1171287713,174359.2986727061
179,2010-11-01,3142.6201170000004,3313.610107,3118.6201170000004,3144.699951,3144.699951,0.0,0.0661815275969502,253449.07599514016,174474.692320075
180,2010-12-01,3144.699951,3220.889893,3121.070068,3190.040039,3190.040039,0.0,1.4417937706769761,257948.63726609875,176990.25756535365
181,2011-01-01,3190.040039,3280.77002,3177.780029,3179.719971,3179.719971,0.0,-0.32350904295342586,257944.78752300984,176417.67807698317
182,2011-02-01,3179.719971,3232.98999,2965.23999,3010.51001,3010.51001,0.0,-5.321536567472784,245007.14852635397,167029.5468266301
183,2011-03-01,3010.51001,3115.469971,2919.97998,3105.850098,3105.850098,0.0,3.1669081877591867,253626.02420852837,172319.2192210597
184,2011-04-01,3105.850098,3208.340088,3103.219971,3172.72998,3172.72998,0.0,2.1533518968950633,259938.7629443164,176029.85839687116
185,2011-05-01,3179.860107,3182.459961,3078.26001,3159.929932,3159.929932,0.0,-0.40343956405644266,259720.03846924636,175319.68430354565
186,2011-06-01,3159.929932,3181.530029,2999.189941,3120.439941,3120.439941,0.0,-1.2497109698570341,257297.2077328305,173128.69497648554
187,2011-07-01,3120.439941,3200.560059,3056.709961,3189.26001,3189.26001,0.0,2.20546045753873,263823.50807820883,176946.97988484477
188,2011-08-01,3189.26001,3227.280029,2680.830078,2885.26001,2885.26001,0.0,-9.531991717414098,239429.7732086242,160080.40841800696
189,2011-09-01,2885.26001,2910.280029,2627.23999,2675.159912,2675.159912,0.0,-7.281842789620888,222767.52484211285,148423.60474002466
190,2011-10-01,2675.159912,2905.719971,2521.949951,2855.77002,2855.77002,0.0,6.7513761397901755,238696.99316266933,158444.24057625918
191,2011-11-01,2855.77002,2880.1201170000004,2643.540039,2702.459961,2702.459961,0.0,-5.368431558784972,226671.3048555306,149938.2699620861
192,2011-12-01,2702.459961,2793.080078,2606.52002,2646.350098,2646.350098,0.0,-2.0762514083367813,222781.06993443615,146825.1745203625
193,2012-01-01,2646.350098,2917.590088,2646.350098,2906.689941,2906.689941,0.0,9.837694687364083,245612.90553822374,161269.38691386522
194,2012-02-01,2906.689941,3031.449951,2883.48999,2994.060059,2994.060059,0.0,3.005828615140889,253853.99044049683,166116.86829318447
195,2012-03-01,2994.060059,3035.780029,2906.580078,3010.459961,3010.459961,0.0,0.5477479301292837,256082.368318103,167026.77000085596
196,2012-04-01,3010.459961,3033.149902,2946.290039,2978.570068,2978.570068,0.0,-1.0593030106072894,254194.1858891198,165257.45039771678
197,2012-05-01,2978.570068,3013.340088,2758.409912,2772.540039,2772.540039,0.0,-6.917078473777237,237387.06558810873,153826.4628699432
198,2012-06-01,2772.540039,2897.959961,2712.310059,2878.449951,2878.449951,0.0,3.8199596943674683,247320.32214400254,159702.57175084617
199,2012-07-01,2878.449951,3040.110107,2878.449951,3036.399902,3036.399902,0.0,5.4873266406847465,261770.65712417677,168465.973516389
200,2012-08-01,3036.399902,3088.449951,3004.76001,3025.459961,3025.459961,0.0,-0.3602931548243769,261657.84625559606,167859.0021456012
201,2012-09-01,3025.459961,3088.350098,2977.639893,3060.340088,3060.340088,0.0,1.1528867494406052,265517.4056168605,169794.22633908107
202,2012-10-01,3060.340088,3110.860107,3021.919922,3038.3701170000004,3038.3701170000004,0.0,-0.7178931219489856,264438.6253150101,168575.2852667263
203,2012-11-01,3038.3701170000004,3083.26001,2931.600098,3069.949951,3069.949951,0.0,1.0393675814314778,268029.1093891626,170327.4021320943
204,2012-12-01,3069.949951,3195.73999,3052.22998,3167.080078,3167.080078,3859382400.0,3.163899364820619,277368.9798400342,175716.3897262671
205,2013-01-01,3188.590088,3290.899902,3160.830078,3282.659912,3282.659912,5804737400.0,3.6494130604044717,288355.06472466374,182129.0066022087
206,2013-02-01,3286.649902,3319.189941,3250.8701170000004,3269.949951,3269.949951,4849373400.0,-0.3871848239148333,288068.70446819405,181423.8307286981
207,2013-03-01,3266.840088,3321.6201170000004,3234.669922,3308.100098,3308.100098,5999894800.0,1.1666890188436352,292272.62615177326,183540.4826393753
208,2013-04-01,3313.3701170000004,3383.459961,3264.080078,3368.179932,3368.179932,6393066200.0,1.816143170405363,298429.18335034646,186873.84057975936
209,2013-05-01,3368.179932,3464.790039,3303.110107,3311.3701170000004,3311.3701170000004,7960137600.0,-1.686662118619844,294214.96917954774,183721.91030109054
210,2013-06-01,3287.100098,3304.070068,3065.419922,3150.439941,3150.439941,6095796400.0,-4.8599271695366415,280709.1698958009,174793.1592659761
211,2013-07-01,3147.48999,3277.550049,3125.48999,3221.929932,3221.929932,5305942700.0,2.26920659777148,287931.2842879407,178759.57716849283
212,2013-08-01,3244.22998,3268.6298829999996,2990.679932,3028.939941,3028.939941,5932767600.0,-5.989887895550918,271467.94074374344,168052.0788935393
213,2013-09-01,3037.590088,3260.139893,3015.419922,3167.8701170000004,3167.8701170000004,4811884700.0,4.5867590215120835,284791.07733149943,175760.2227830273
214,2013-10-01,3180.719971,3235.25,3122.3798829999996,3210.669922,3210.669922,4504281800.0,1.351059337007523,289483.36593389267,178134.8476836826
215,2013-11-01,3212.1298829999996,3218.550049,3158.399902,3176.350098,3176.350098,4473075300.0,-1.0689303115476145,287213.41606927407,176230.71030136256
216,2013-12-01,3177.8701170000004,3197.090088,3025.409912,3167.429932,3167.429932,3944428800.0,-0.28083069324179644,287237.8257193996,175735.8003759183
217,2014-01-01,3179.669922,3187.800049,3012.26001,3027.219971,3027.219971,3771032700.0,-4.426616026560932,275319.3549582048,167956.65127207278
218,2014-02-01,3011.409912,3121.290039,2953.01001,3110.780029,3110.780029,4201123100.0,2.760290259726224,283775.3040484215,172592.74235769812
219,2014-03-01,3078.290039,3194.320068,3053.590088,3188.6201170000004,3188.6201170000004,5514879900.0,2.502269118174295,291730.31142261514,176911.47724992494
220,2014-04-01,3195.459961,3284.699951,3181.780029,3264.709961,3264.709961,5403577200.0,2.3862937950598027,299545.0728573605,181133.10485428854
221,2014-05-01,3266.1298829999996,3308.800049,3221.3701170000004,3295.850098,3295.850098,4673612800.0,0.9538408425862571,303243.53811125027,182860.8263878333
222,2014-06-01,3303.22998,3311.439941,3246.719971,3255.669922,3255.669922,3193073400.0,-1.2191141831475325,300369.8271771314,180631.54411791844
223,2014-07-01,3255.649902,3387.8400880000004,3234.060059,3374.0600590000004,3374.0600590000004,3237194300.0,3.636429362816723,312156.2006809992,187200.08262673166
224,2014-08-01,3346.409912,3358.5200200000004,3277.969971,3327.090088,3327.090088,4281542300.0,-1.3920905431043615,308632.4363104126,184594.08797980138
225,2014-09-01,3326.659912,3356.709961,3256.969971,3276.73999,3276.73999,4396172900.0,-1.5133373809624324,304782.508470444,181800.55664335637
226,2014-10-01,3267.959961,3274.25,3149.909912,3274.25,3274.25,4324401600.0,-0.0759898560031928,305383.6047656677,181662.40666215008
227,2014-11-01,3286.570068,3360.320068,3273.679932,3350.5,3350.5,5017470100.0,2.3287775826525157,313348.0495077355,185892.92006460528
228,2014-12-01,3352.320068,3373.929932,3200.6298829999996,3365.149902,3365.149902,3776179000.0,0.43724524697806627,315555.1260044313,186705.7280220565
229,2015-01-01,3364.080078,3432.6201170000004,3267.889893,3391.1999509999996,3391.1999509999996,4414428800.0,0.7741125881054285,318837.66222881107,188151.0405653891
230,2015-02-01,3398.51001,3458.139893,3394.540039,3402.860107,3402.860107,4575746100.0,0.34383569734842717,320770.13855895615,188797.97100778544
231,2015-03-01,3408.8798829999996,3469.0200200000004,3356.6599119999996,3447.01001,3447.01001,5428015700.0,1.2974351460754892,325776.06836761907,191247.5022387179
232,2015-04-01,3439.76001,3549.850098,3435.5900880000004,3487.389893,3487.389893,4835872800.0,1.1714466416649618,330435.4565685402,193487.86468096144
233,2015-05-01,3473.110107,3490.73999,3381.790039,3392.110107,3392.110107,9021320200.0,-2.7321231328693325,322218.1186609881,188201.53797071797
234,2015-06-01,3375.0500490000004,3375.0500490000004,3267.679932,3317.330078,3317.330078,5118995300.0,-2.204528350824551,315929.69114735624,184052.58170946565
235,2015-07-01,3317.469971,3383.5600590000004,3184.570068,3202.5,3202.5,5230110700.0,-3.4615210214242644,305798.2058001912,177681.56290311844
236,2015-08-01,3205.590088,3217.1298829999996,2808.310059,2921.439941,2921.439941,7332943600.0,-8.776270382513658,279720.7261811032,162087.74852286468
237,2015-09-01,2915.530029,2931.649902,2740.360107,2790.889893,2790.889893,3559674500.0,-4.468688408337197,268016.97277779545,154844.5520932887
238,2015-10-01,2795.399902,3104.719971,2765.439941,2998.350098,2998.350098,0.0,7.4334786736067,288835.23627982585,166354.88885038512
239,2015-11-01,2976.719971,3043.850098,2843.949951,2855.939941,2855.939941,0.0,-4.749617367731411,275910.4209219534,158453.66815747696
240,2015-12-01,2862.790039,2911.439941,2793.389893,2882.72998,2882.72998,0.0,0.9380463018637399,279339.7388077173,159940.03693179562
241,2016-01-01,2889.22998,2890.209961,2529.01001,2629.110107,2629.110107,0.0,-8.79790596967393,255523.70870173423,145868.66287467448
242,2016-02-01,2637.050049,2684.790039,2528.439941,2666.51001,2666.51001,0.0,1.4225308746264689,260003.80010729557,147943.68964047154
243,2016-03-01,2666.709961,2906.800049,2654.97998,2840.899902,2840.899902,0.0,6.540005150777595,277895.8954027867,157619.2145632088
244,2016-04-01,2820.659912,2964.100098,2783.419922,2838.52002,2838.52002,158708700.0,-0.08377211736058483,278495.7313595049,157487.1736098021
245,2016-05-01,2842.860107,2848.899902,2713.469971,2791.060059,2791.060059,0.0,-1.6719966977721026,274658.6919552563,154853.99326763157
246,2016-06-01,2787.98999,2881.919922,2703.47998,2840.929932,2840.929932,0.0,1.7867717621908794,280414.43900353386,157620.88069196258
247,2016-07-01,2848.449951,2958.899902,2830.0,2868.689941,2868.689941,0.0,0.9771451484006569,283995.9712992418,159161.06548051047
248,2016-08-01,2875.590088,2898.27002,2810.8798829999996,2820.590088,2820.590088,0.0,-1.6767184320809863,280053.5191818327,156492.38255890226
249,2016-09-01,2821.929932,2911.840088,2791.3798829999996,2869.469971,2869.469971,0.0,1.7329665593010504,285754.52773872705,159204.3432165015
250,2016-10-01,2879.850098,2901.72998,2783.330078,2813.8701170000004,2813.8701170000004,0.0,-1.9376349835305384,281034.83441737626,156119.54416703855
251,2016-11-01,2814.080078,2915.419922,2760.969971,2905.169922,2905.169922,0.0,3.2446346563194846,291013.76000668184,161185.0530023703
252,2016-12-01,2913.649902,2980.77002,2857.909912,2880.76001,2880.76001,0.0,-0.8402232108748948,289394.92632150865,159830.73877458338
253,2017-01-01,2887.0,3065.1298829999996,2869.659912,3046.800049,3046.800049,0.0,5.763758120205229,306956.3145378282,169042.99595928742
254,2017-02-01,3045.939941,3138.969971,3030.649902,3096.610107,3096.610107,4018227800.0,1.634831862903125,312821.49110527657,171806.56471923587
255,2017-03-01,3106.300049,3188.02002,3104.330078,3175.110107,3175.110107,5462555700.0,2.5350301551541117,321606.0688212243,176161.91294340286
256,2017-04-01,3180.27002,3189.810059,3113.899902,3175.439941,3175.439941,4292226700.0,0.010388112187761651,322472.897521391,176180.21284055154
257,2017-05-01,3183.429932,3275.389893,3183.409912,3210.820068,3210.820068,5080433500.0,1.1141803232738232,326908.4452628259,178143.1781055229
258,2017-06-01,3214.1201170000004,3270.919922,3196.48999,3226.47998,3226.47998,4414015100.0,0.48772312581671823,329340.25104333565,179012.02358220838
259,2017-07-01,3228.909912,3354.709961,3196.139893,3329.52002,3329.52002,5085548600.0,3.1935744414567813,340717.923579764,184728.90581446438
260,2017-08-01,3321.5,3349.090088,3244.22998,3277.26001,3277.26001,4856835500.0,-1.5695959083015205,336190.2823598369,181829.40846735038
261,2017-09-01,3274.389893,3275.139893,3193.409912,3219.909912,3219.909912,3840282400.0,-1.7499404327092096,331125.90317437693,178647.50213002425
262,2017-10-01,3233.949951,3392.149902,3230.810059,3374.080078,3374.080078,4261116400.0,4.788027311740511,347853.5354155447,187201.19332375203
263,2017-11-01,3377.1899409999996,3449.320068,3341.300049,3433.540039,3433.540039,4789747800.0,1.7622569596879623,354831.62736092316,190500.15938171878
264,2017-12-01,3441.850098,3469.360107,3370.219971,3402.919922,3402.919922,3386126700.0,-0.8917943770044947,352493.1605738098,188801.289672168
265,2018-01-01,3406.4799799999996,3611.6899409999996,3403.8701170000004,3533.98999,3533.98999,4727173600.0,3.8516941627872954,366935.5498485456,196073.33792573804
266,2018-02-01,3536.929932,3574.5900880000004,3340.550049,3517.9399409999996,3517.9399409999996,6143735500.0,-0.45416226546811467,366098.6156903333,195182.84681223557
267,2018-03-01,3493.4399409999996,3555.9799799999996,3382.780029,3427.969971,3427.969971,4963081900.0,-2.5574617960767414,357547.80460978654,190191.12007251766
268,2018-04-01,3439.040039,3628.429932,3338.959961,3613.929932,3613.929932,4599803900.0,5.424783839216427,377822.53999705816,200508.5772178363
269,2018-05-01,3624.1999509999996,3641.649902,3428.179932,3428.179932,3428.179932,5918362800.0,-5.139834017125045,359193.5899451141,190202.76915874053
270,2018-06-01,3423.5,3492.3400880000004,3237.77002,3268.699951,3268.699951,5500961400.0,-4.652030644930569,343278.36047753337,181354.47804996936
271,2018-07-01,3277.429932,3341.419922,3176.26001,3319.850098,3319.850098,5029346600.0,1.5648468127015258,349496.51468359923,184192.3978194258
272,2018-08-01,3331.050049,3347.97998,3187.830078,3213.47998,3213.47998,5005791600.0,-3.2040638842121547,339105.0558810067,178290.7557234292
273,2018-09-01,3209.969971,3265.01001,3102.72998,3257.050049,3257.050049,4158150600.0,1.3558531333996322,344547.4545161309,180708.1165214672
274,2018-10-01,3262.429932,3272.8798829999996,2955.679932,3018.800049,3018.800049,5516696000.0,-7.314901411267813,320116.52372481587,167489.4959557629
275,2018-11-01,3045.679932,3132.419922,3007.310059,3117.610107,3117.610107,4457632700.0,3.2731567641497685,331455.049013977,172971.6897218793
276,2018-12-01,3154.219971,3192.8798829999996,3000.449951,3068.76001,3068.76001,3627597800.0,-1.5669084755119447,327081.72752116877,170261.38165539096
277,2019-01-01,3072.98999,3250.27002,2993.419922,3190.169922,3190.169922,4467841200.0,3.9563182394311793,340888.42421693064,176997.46375253075
278,2019-02-01,3194.219971,3286.080078,3174.0,3212.689941,3212.689941,3786000800.0,0.7059191062111722,344134.0367268918,178246.92266666904
279,2019-03-01,3210.840088,3251.719971,3156.790039,3212.8798829999996,3212.8798829999996,4128594600.0,0.005912241874807142,344987.76536553225,178257.46105587148
280,2019-04-01,3229.110107,3415.179932,3227.6201170000004,3400.1999509999996,3400.1999509999996,4447727600.0,5.830285439276723,365983.45586225233,188650.37985223634
281,2019-05-01,3389.5200200000004,3397.179932,3110.51001,3117.76001,3117.76001,4319537800.0,-8.306568586266051,336346.9010151154,172980.0066615589
282,2019-06-01,3111.51001,3336.080078,3104.030029,3321.610107,3321.610107,4160448600.0,6.538351134986814,359226.2620279217,184290.04689041522
283,2019-07-01,3339.580078,3386.649902,3299.889893,3300.75,3300.75,4489792100.0,-0.6280119077202692,357798.37822749687,183132.68345120014
284,2019-08-01,3282.790039,3311.26001,3040.159912,3106.52002,3106.52002,5146051500.0,-5.884419601605698,337528.3168281707,172356.3879292512
285,2019-09-01,3092.25,3216.8701170000004,3074.040039,3119.98999,3119.98999,4116898900.0,0.43360319306746664,339828.79708072,173103.7307307682
286,2019-10-01,3130.110107,3235.23999,3068.830078,3229.8798829999996,3229.8798829999996,4402690200.0,3.5221232552736357,352660.6705312773,179200.65748658284
287,2019-11-01,3227.600098,3285.719971,3182.050049,3193.919922,3193.919922,7055882400.0,-1.1133528893526214,349558.3681588957,177205.52178871707
288,2019-12-01,3198.27002,3239.23999,3144.070068,3222.830078,3222.830078,4536740600.0,0.9051622052533074,353563.3147444807,178809.51919757048
289,2020-01-01,3230.47998,3283.889893,3144.100098,3153.72998,3153.72998,4951167700.0,-2.1440813299993002,346798.09571223427,174975.69768019384
290,2020-02-01,3131.02002,3233.860107,3008.459961,3011.080078,3011.080078,5320489700.0,-4.523212288453437,331907.32152845216,281227.84208758286
291,2020-03-01,2988.350098,3047.790039,2208.419922,2481.22998,2481.22998,7767702900.0,-17.596679074438082,274189.3496755734,231741.0812474634
292,2020-04-01,2468.169922,2671.580078,2380.840088,2624.22998,2624.22998,7238328000.0,5.763270682389546,290872.9846686802,245096.947042051
293,2020-05-01,2555.669922,2611.73999,2489.939941,2510.75,2510.75,7367276100.0,-4.324315355927763,279092.01689844095,234498.18212420144
294,2020-06-01,2519.419922,2839.389893,2516.459961,2589.909912,2589.909912,8396435700.0,3.1528392711341264,288750.9466037414,241891.53290030887
295,2020-07-01,2604.080078,2707.669922,2511.02002,2529.820068,2529.820068,4876221500.0,-2.3201518987815697,282865.4847675417,236279.2819067305
296,2020-08-01,2522.530029,2602.330078,2478.389893,2532.51001,2532.51001,6347053700.0,0.10632938026009736,284000.47329596686,236530.51620286494
297,2020-09-01,2521.810059,2546.8701170000004,2448.0,2466.6201170000004,2466.6201170000004,5077274500.0,-2.60176239145446,277423.1077702709,230376.5541879857
298,2020-10-01,2479.290039,2570.189941,2420.840088,2423.840088,2423.840088,4884594200.0,-1.7343582299179174,273430.47761704715,226380.99946062505
299,2020-11-01,,,,,,,,273430.47761704715,226380.99946062505
